race_date,race_time,racecourse,subject_type,name,dob,birth_country
04-Oct-26,12:10,selangor,horse,1 ROYAL COMMISSION,25-Oct-20,australia
04-Oct-26,12:10,selangor,horse,2 CHARITY GOLD,15-Nov-19,australia
04-Oct-26,12:10,selangor,horse,3 WINS EIGHT,27-Oct-20,australia
04-Oct-26,12:10,selangor,horse,4 LIM'S FABER,24-Oct-20,australia
04-Oct-26,12:10,selangor,horse,5 PACIFIC SOLDIER,11-Sep-20,new zealand
04-Oct-26,12:10,selangor,horse,6 CHIHARU,19-Mar-21,japan
04-Oct-26,12:10,selangor,horse,7 LOVING BABE,28-Sep-16,australia
04-Oct-26,12:10,selangor,horse,8 ARI,12-Feb-20,usa
04-Oct-26,12:10,selangor,horse,9 BANKER'S WIN,04-Sep-21,new zealand
04-Oct-26,12:10,selangor,horse,10 DREAM KING,31-Aug-18,new zealand
04-Oct-26,12:10,selangor,horse,11 HE'S MY HALO,04-Nov-20,new zealand
04-Oct-26,12:10,selangor,horse,12 JAZZ BAND,09-Oct-19,new zealand
04-Oct-26,12:10,selangor,horse,13 THE WILD CHIEF,25-Oct-19,new zealand
04-Oct-26,12:10,selangor,horse,14 OUD WOOD,16-Apr-18,ireland
