race_date,race_time,racecourse,subject_type,name,dob,birth_country
15-Aug-26,02:15,perth,horse,Enzo Maresca,10-Feb-80,italy
15-Aug-26,02:15,perth,horse,Gianluigi Donnarumma,25-Feb-99,italy
15-Aug-26,02:15,perth,horse,Ruben Dias,14-May-97,portugal
15-Aug-26,02:15,perth,horse,Josko Gvardiol,23-Jan-02,croatia
15-Aug-26,02:15,perth,horse,Marc Guehi,13-Jul-00,ivory coast
15-Aug-26,02:15,perth,horse,Rayan Ait-Nouri,06-Jun-01,france
15-Aug-26,02:15,perth,horse,Mateo Kovacic,06-May-94,austria
15-Aug-26,02:15,perth,horse,Enzo Fernandez,17-Jan-01,argentina
15-Aug-26,02:15,perth,horse,Rayan Cherki,17-Aug-03,france
15-Aug-26,02:15,perth,horse,Phil Foden,28-May-00,england
15-Aug-26,02:15,perth,horse,Erling Haaland,21-Jul-00,england
15-Aug-26,02:15,perth,horse,Jeremy Doku,27-May-02,belgium
