body,hour,local_time,utc_time,ra,dec
Aldebaran,0,1997-05-04 00:00 BST,1997-05-03 23:00,68.97492031223554,16.508486354281565
Aldebaran,1,1997-05-04 01:00 BST,1997-05-04 00:00,68.97490975551413,16.508483148431107
Aldebaran,2,1997-05-04 02:00 BST,1997-05-04 01:00,68.97490262821199,16.50847944191528
Aldebaran,3,1997-05-04 03:00 BST,1997-05-04 02:00,68.97489928974613,16.50847549400521
Aldebaran,4,1997-05-04 04:00 BST,1997-05-04 03:00,68.97489984011393,16.508471580545365
Aldebaran,5,1997-05-04 05:00 BST,1997-05-04 04:00,68.97490411304176,16.508467975052465
Aldebaran,6,1997-05-04 06:00 BST,1997-05-04 05:00,68.97491168737895,16.508464929974288
Aldebaran,7,1997-05-04 07:00 BST,1997-05-04 06:00,68.97492191595506,16.508462659392322
Aldebaran,8,1997-05-04 08:00 BST,1997-05-04 07:00,68.9749339699249,16.50846132435284
Aldebaran,9,1997-05-04 09:00 BST,1997-05-04 08:00,68.97494689556062,16.508461021832453
Aldebaran,10,1997-05-04 10:00 BST,1997-05-04 09:00,68.9749596796006,16.50846177809335
Aldebaran,11,1997-05-04 11:00 BST,1997-05-04 10:00,68.97497131867867,16.508463546883863
Aldebaran,12,1997-05-04 12:00 BST,1997-05-04 11:00,68.97498088807383,16.508466212607615
Aldebaran,13,1997-05-04 13:00 BST,1997-05-04 12:00,68.97498760507197,16.508469598243924
Aldebaran,14,1997-05-04 14:00 BST,1997-05-04 13:00,68.97499088259788,16.50847347747718
Aldebaran,15,1997-05-04 15:00 BST,1997-05-04 14:00,68.97499036944154,16.508477590203764
Aldebaran,16,1997-05-04 16:00 BST,1997-05-04 15:00,68.97498597432377,16.508481660353993
Aldebaran,17,1997-05-04 17:00 BST,1997-05-04 16:00,68.97497787215111,16.508485414808696
Aldebaran,18,1997-05-04 18:00 BST,1997-05-04 17:00,68.97496649203187,16.50848860211316
Aldebaran,19,1997-05-04 19:00 BST,1997-05-04 18:00,68.97495248787453,16.5084910097069
Aldebaran,20,1997-05-04 20:00 BST,1997-05-04 19:00,68.97493669358158,16.508492478488733
Aldebaran,21,1997-05-04 21:00 BST,1997-05-04 20:00,68.97492006591148,16.508492913718314
Aldebaran,22,1997-05-04 22:00 BST,1997-05-04 21:00,68.97490361892127,16.508492291508045
Aldebaran,23,1997-05-04 23:00 BST,1997-05-04 22:00,68.97488835448293,16.50849066045983
Aldebaran,24,1997-05-05 00:00 BST,1997-05-04 23:00,68.97487519363534,16.508488138334766
Antares,0,1997-05-04 00:00 BST,1997-05-03 23:00,247.35755833403553,-26.432536066975103
Antares,1,1997-05-04 01:00 BST,1997-05-04 00:00,247.35756917706735,-26.432541873946317
Antares,2,1997-05-04 02:00 BST,1997-05-04 01:00,247.35757629414127,-26.432548423685933
Antares,3,1997-05-04 03:00 BST,1997-05-04 02:00,247.35757932944472,-26.432555305802584
Antares,4,1997-05-04 04:00 BST,1997-05-04 03:00,247.35757820664102,-26.43256208711032
Antares,5,1997-05-04 05:00 BST,1997-05-04 04:00,247.35757313410127,-26.43256834131088
Antares,6,1997-05-04 06:00 BST,1997-05-04 05:00,247.35756459062608,-26.432573678203397
Antares,7,1997-05-04 07:00 BST,1997-05-04 06:00,247.35755329263924,-26.432577770420977
Antares,8,1997-05-04 08:00 BST,1997-05-04 07:00,247.35754014509763,-26.432580375862432
Antares,9,1997-05-04 09:00 BST,1997-05-04 08:00,247.35752617948336,-26.432581354281048
Antares,10,1997-05-04 10:00 BST,1997-05-04 09:00,247.35751248312678,-26.432580676894435
Antares,11,1997-05-04 11:00 BST,1997-05-04 10:00,247.35750012470098,-26.432578428356777
Antares,12,1997-05-04 12:00 BST,1997-05-04 11:00,247.35749008099629,-26.432574800958047
Antares,13,1997-05-04 13:00 BST,1997-05-04 12:00,247.35748316999045,-26.43257008144823
Antares,14,1997-05-04 14:00 BST,1997-05-04 13:00,247.35747999479975,-26.43256463138862
Antares,15,1997-05-04 15:00 BST,1997-05-04 14:00,247.3574809023545,-26.432558862377444
Antares,16,1997-05-04 16:00 BST,1997-05-04 15:00,247.35748595962673,-26.43255320784717
Antares,17,1997-05-04 17:00 BST,1997-05-04 16:00,247.3574949490422,-26.432548093365305
Antares,18,1997-05-04 18:00 BST,1997-05-04 17:00,247.35750738338865,-26.43254390747485
Antares,19,1997-05-04 19:00 BST,1997-05-04 18:00,247.35752253919918,-26.432540975071696
Antares,20,1997-05-04 20:00 BST,1997-05-04 19:00,247.3575395063247,-26.43253953514276
Antares,21,1997-05-04 21:00 BST,1997-05-04 20:00,247.35755725029608,-26.43253972439117
Antares,22,1997-05-04 22:00 BST,1997-05-04 21:00,247.35757468320514,-26.432541567869258
Antares,23,1997-05-04 23:00 BST,1997-05-04 22:00,247.35759073824792,-26.432544977262133
Antares,24,1997-05-05 00:00 BST,1997-05-04 23:00,247.35760444282081,-26.432549756938744
Ceres,0,1997-05-04 00:00 BST,1997-05-03 23:00,338.6031168939486,-17.717428149264702
Ceres,1,1997-05-04 01:00 BST,1997-05-04 00:00,338.615172814759,-17.715181717167674
Ceres,2,1997-05-04 02:00 BST,1997-05-04 01:00,338.62719621796754,-17.712942936609053
Ceres,3,1997-05-04 03:00 BST,1997-05-04 02:00,338.6391830365215,-17.710709492429356
Ceres,4,1997-05-04 04:00 BST,1997-05-04 03:00,338.65113141230546,-17.7084788436001
Ceres,5,1997-05-04 05:00 BST,1997-05-04 04:00,338.6630418245217,-17.706248397084693
Ceres,6,1997-05-04 06:00 BST,1997-05-04 05:00,338.67491705750734,-17.70401568534041
Ceres,7,1997-05-04 07:00 BST,1997-05-04 06:00,338.6867620098224,-17.70177853556262
Ceres,8,1997-05-04 08:00 BST,1997-05-04 07:00,338.6985833607919,-17.699535218235116
Ceres,9,1997-05-04 09:00 BST,1997-05-04 08:00,338.71038911299195,-17.697284565860997
Ceres,10,1997-05-04 10:00 BST,1997-05-04 09:00,338.7221880447811,-17.69502605300695
Ceres,11,1997-05-04 11:00 BST,1997-05-04 10:00,338.73398910990005,-17.69275983244584
Ceres,12,1997-05-04 12:00 BST,1997-05-04 11:00,338.74580082470703,-17.690486724798415
Ceres,13,1997-05-04 13:00 BST,1997-05-04 12:00,338.757630684283,-17.688208162745706
Ceres,14,1997-05-04 14:00 BST,1997-05-04 13:00,338.76948464966233,-17.68592609305522
Ceres,15,1997-05-04 15:00 BST,1997-05-04 14:00,338.7813667394324,-17.68364284343386
Ceres,16,1997-05-04 16:00 BST,1997-05-04 15:00,338.7932787531152,-17.68136096363702
Ceres,17,1997-05-04 17:00 BST,1997-05-04 16:00,338.8052201482566,-17.679083050921182
Ceres,18,1997-05-04 18:00 BST,1997-05-04 17:00,338.8171880762025,-17.67681157258694
Ceres,19,1997-05-04 19:00 BST,1997-05-04 18:00,338.8291775757536,-17.674548697387305
Ceres,20,1997-05-04 20:00 BST,1997-05-04 19:00,338.84118191289184,-17.67229614704065
Ceres,21,1997-05-04 21:00 BST,1997-05-04 20:00,338.8531930402617,-17.670055078685873
Ceres,22,1997-05-04 22:00 BST,1997-05-04 21:00,338.8652021468667,-17.66782600587995
Ceres,23,1997-05-04 23:00 BST,1997-05-04 22:00,338.8772002614858,-17.665608763351564
Ceres,24,1997-05-05 00:00 BST,1997-05-04 23:00,338.8891788656054,-17.663402518550157
Chiron,0,1997-05-04 00:00 BST,1997-05-03 23:00,205.8318511083887,-10.661836993340536
Chiron,1,1997-05-04 01:00 BST,1997-05-04 00:00,205.829010644369,-10.660513024823993
Chiron,2,1997-05-04 02:00 BST,1997-05-04 01:00,205.8261711826167,-10.6591868948538
Chiron,3,1997-05-04 03:00 BST,1997-05-04 02:00,205.82333641099655,-10.657858686894336
Chiron,4,1997-05-04 04:00 BST,1997-05-04 03:00,205.8205097740561,-10.656528655183479
Chiron,5,1997-05-04 05:00 BST,1997-05-04 04:00,205.81769423718433,-10.655197207306564
Chiron,6,1997-05-04 06:00 BST,1997-05-04 05:00,205.81489208349538,-10.653864876294088
Chiron,7,1997-05-04 07:00 BST,1997-05-04 06:00,205.81210475779207,-10.652532284205538
Chiron,8,1997-05-04 08:00 BST,1997-05-04 07:00,205.80933276765606,-10.651200099475556
Chiron,9,1997-05-04 09:00 BST,1997-05-04 08:00,205.8065756489439,-10.649868991198495
Chiron,10,1997-05-04 10:00 BST,1997-05-04 09:00,205.80383199799726,-10.648539583410935
Chiron,11,1997-05-04 11:00 BST,1997-05-04 10:00,205.80109956797068,-10.647212412345475
Chiron,12,1997-05-04 12:00 BST,1997-05-04 11:00,205.79837542314039,-10.645887889828527
Chiron,13,1997-05-04 13:00 BST,1997-05-04 12:00,205.79565614045694,-10.644566275224891
Chiron,14,1997-05-04 14:00 BST,1997-05-04 13:00,205.7929380442597,-10.643247657719048
Chiron,15,1997-05-04 15:00 BST,1997-05-04 14:00,205.7902174584627,-10.641931950370056
Chiron,16,1997-05-04 16:00 BST,1997-05-04 15:00,205.78749095877626,-10.640618896241557
Chiron,17,1997-05-04 17:00 BST,1997-05-04 16:00,205.78475560752761,-10.63930808608341
Chiron,18,1997-05-04 18:00 BST,1997-05-04 17:00,205.78200915517752,-10.637998986523662
Chiron,19,1997-05-04 19:00 BST,1997-05-04 18:00,205.77925019473395,-10.636690976774915
Chiron,20,1997-05-04 20:00 BST,1997-05-04 19:00,205.77647825834964,-10.63538339124396
Chiron,21,1997-05-04 21:00 BST,1997-05-04 20:00,205.77369384942205,-10.634075565231868
Chiron,22,1997-05-04 22:00 BST,1997-05-04 21:00,205.77089840851866,-10.632766880658789
Chiron,23,1997-05-04 23:00 BST,1997-05-04 22:00,205.76809421446922,-10.631456808371857
Chiron,24,1997-05-05 00:00 BST,1997-05-04 23:00,205.76528422855793,-10.630144944544679
Fomalhaut,0,1997-05-04 00:00 BST,1997-05-03 23:00,344.40936499439715,-29.62118968078886
Fomalhaut,1,1997-05-04 01:00 BST,1997-05-04 00:00,344.40938107646343,-29.62118303943588
Fomalhaut,2,1997-05-04 02:00 BST,1997-05-04 01:00,344.4093995351551,-29.621177933181905
Fomalhaut,3,1997-05-04 03:00 BST,1997-05-04 02:00,344.4094193625921,-29.62117457443234
Fomalhaut,4,1997-05-04 04:00 BST,1997-05-04 03:00,344.40943945722114,-29.6211730558889
Fomalhaut,5,1997-05-04 05:00 BST,1997-05-04 04:00,344.4094586992946,-29.621173344197633
Fomalhaut,6,1997-05-04 06:00 BST,1997-05-04 05:00,344.40947602759366,-29.62117528223475
Fomalhaut,7,1997-05-04 07:00 BST,1997-05-04 06:00,344.40949051214193,-29.621178599872444
Fomalhaut,8,1997-05-04 08:00 BST,1997-05-04 07:00,344.4095014179278,-29.62118293248802
Fomalhaut,9,1997-05-04 09:00 BST,1997-05-04 08:00,344.40950825526636,-29.621187845947595
Fomalhaut,10,1997-05-04 10:00 BST,1997-05-04 09:00,344.4095108133529,-29.621192866352494
Fomalhaut,11,1997-05-04 11:00 BST,1997-05-04 10:00,344.4095091747075,-29.621197512511173
Fomalhaut,12,1997-05-04 12:00 BST,1997-05-04 11:00,344.40950370952106,-29.62120132891029
Fomalhaut,13,1997-05-04 13:00 BST,1997-05-04 12:00,344.4094950502904,-29.62120391692681
Fomalhaut,14,1997-05-04 14:00 BST,1997-05-04 13:00,344.40948404847893,-29.62120496214228
Fomalhaut,15,1997-05-04 15:00 BST,1997-05-04 14:00,344.40947171617466,-29.62120425588699
Fomalhaut,16,1997-05-04 16:00 BST,1997-05-04 15:00,344.40945915674183,-29.62120170953863
Fomalhaut,17,1997-05-04 17:00 BST,1997-05-04 16:00,344.4094474892168,-29.621197360594834
Fomalhaut,18,1997-05-04 18:00 BST,1997-05-04 17:00,344.4094377716316,-29.621191370103915
Fomalhaut,19,1997-05-04 19:00 BST,1997-05-04 18:00,344.4094309285171,-29.621184011629992
Fomalhaut,20,1997-05-04 20:00 BST,1997-05-04 19:00,344.4094276875536,-29.621175652507922
Fomalhaut,21,1997-05-04 21:00 BST,1997-05-04 20:00,344.4094285297103,-29.621166728673646
Fomalhaut,22,1997-05-04 22:00 BST,1997-05-04 21:00,344.40943365628914,-29.621157714793867
Fomalhaut,23,1997-05-04 23:00 BST,1997-05-04 22:00,344.4094429751324,-29.621149091741557
Fomalhaut,24,1997-05-05 00:00 BST,1997-05-04 23:00,344.4094561069375,-29.62114131364721
Juno,0,1997-05-04 00:00 BST,1997-05-03 23:00,77.15466421805245,13.640543264598705
Juno,1,1997-05-04 01:00 BST,1997-05-04 00:00,77.17835681103868,13.643899281703616
Juno,2,1997-05-04 02:00 BST,1997-05-04 01:00,77.20207547700863,13.647257943768137
Juno,3,1997-05-04 03:00 BST,1997-05-04 02:00,77.22581211451049,13.650620540422675
Juno,4,1997-05-04 04:00 BST,1997-05-04 03:00,77.24955744777947,13.653987837349742
Juno,5,1997-05-04 05:00 BST,1997-05-04 04:00,77.27330166142349,13.657360023999756
Juno,6,1997-05-04 06:00 BST,1997-05-04 05:00,77.29703507061085,13.660736700411132
Juno,7,1997-05-04 07:00 BST,1997-05-04 06:00,77.32074878082717,13.664116904157854
Juno,8,1997-05-04 08:00 BST,1997-05-04 07:00,77.34443529663163,13.667499176113658
Juno,9,1997-05-04 09:00 BST,1997-05-04 08:00,77.368089032688,13.670881659848336
Juno,10,1997-05-04 10:00 BST,1997-05-04 09:00,77.39170669365971,13.674262228138153
Juno,11,1997-05-04 11:00 BST,1997-05-04 10:00,77.41528750011045,13.677638628358851
Juno,12,1997-05-04 12:00 BST,1997-05-04 11:00,77.43883324084936,13.681008636215301
Juno,13,1997-05-04 13:00 BST,1997-05-04 12:00,77.4623481491199,13.684370207524887
Juno,14,1997-05-04 14:00 BST,1997-05-04 13:00,77.48583861480061,13.687721618132072
Juno,15,1997-05-04 15:00 BST,1997-05-04 14:00,77.50931274589921,13.691061581574024
Juno,16,1997-05-04 16:00 BST,1997-05-04 15:00,77.53277981439949,13.694389337016835
Juno,17,1997-05-04 17:00 BST,1997-05-04 16:00,77.5562496240103,13.69770470154304
Juno,18,1997-05-04 18:00 BST,1997-05-04 17:00,77.57973183879021,13.701008082581279
Juno,19,1997-05-04 19:00 BST,1997-05-04 18:00,77.60323532333845,13.70430045016285
Juno,20,1997-05-04 20:00 BST,1997-05-04 19:00,77.62676753791943,13.707583270872341
Juno,21,1997-05-04 21:00 BST,1997-05-04 20:00,77.65033402898976,13.710858407673173
Juno,22,1997-05-04 22:00 BST,1997-05-04 21:00,77.67393804929272,13.714127992524997
Juno,23,1997-05-04 23:00 BST,1997-05-04 22:00,77.69758033816031,13.717394281021994
Juno,24,1997-05-05 00:00 BST,1997-05-04 23:00,77.72125907044888,13.72065949817344
Jupiter,0,1997-05-04 00:00 BST,1997-05-03 23:00,322.4854219796641,-15.43525977603224
Jupiter,1,1997-05-04 01:00 BST,1997-05-04 00:00,322.4899929329812,-15.433983206142988
Jupiter,2,1997-05-04 02:00 BST,1997-05-04 01:00,322.4945398831729,-15.432710051438564
Jupiter,3,1997-05-04 03:00 BST,1997-05-04 02:00,322.4990614134987,-15.431438938014965
Jupiter,4,1997-05-04 04:00 BST,1997-05-04 03:00,322.5035575450379,-15.430168444891784
Jupiter,5,1997-05-04 05:00 BST,1997-05-04 04:00,322.5080297356806,-15.428897201343048
Jupiter,6,1997-05-04 06:00 BST,1997-05-04 05:00,322.5124807805209,-15.427623980840846
Jupiter,7,1997-05-04 07:00 BST,1997-05-04 06:00,322.5169146201231,-15.4263477852845
Jupiter,8,1997-05-04 08:00 BST,1997-05-04 07:00,322.52133607140183,-15.425067913256388
Jupiter,9,1997-05-04 09:00 BST,1997-05-04 08:00,322.52575049734617,-15.423784008271486
Jupiter,10,1997-05-04 10:00 BST,1997-05-04 09:00,322.53016343949133,-15.422496083331335
Jupiter,11,1997-05-04 11:00 BST,1997-05-04 10:00,322.5345802385839,-15.421204520018627
Jupiter,12,1997-05-04 12:00 BST,1997-05-04 11:00,322.53900566844743,-15.419910042478367
Jupiter,13,1997-05-04 13:00 BST,1997-05-04 12:00,322.54344360841486,-15.418613667988408
Jupiter,14,1997-05-04 14:00 BST,1997-05-04 13:00,322.5478967776348,-15.41731663724938
Jupiter,15,1997-05-04 15:00 BST,1997-05-04 14:00,322.55236654828684,-15.416020329517064
Jupiter,16,1997-05-04 16:00 BST,1997-05-04 15:00,322.55685285098565,-15.414726168251594
Jupiter,17,1997-05-04 17:00 BST,1997-05-04 16:00,322.56135417931023,-15.413435523618919
Jupiter,18,1997-05-04 18:00 BST,1997-05-04 17:00,322.56586769247895,-15.412149618719502
Jupiter,19,1997-05-04 19:00 BST,1997-05-04 18:00,322.57038940936155,-15.41086944590693
Jupiter,20,1997-05-04 20:00 BST,1997-05-04 19:00,322.5749144810048,-15.40959569880169
Jupiter,21,1997-05-04 21:00 BST,1997-05-04 20:00,322.57943752228505,-15.408328724863017
Jupiter,22,1997-05-04 22:00 BST,1997-05-04 21:00,322.58395298036396,-15.407068501662524
Jupiter,23,1997-05-04 23:00 BST,1997-05-04 22:00,322.5884555152296,-15.405814638340486
Jupiter,24,1997-05-05 00:00 BST,1997-05-04 23:00,322.592940365198,-15.404566402453723
Ketu,0,1997-05-04 00:00 BST,1997-05-03 23:00,358.17173924900186,-0.7924418948203923
Ketu,1,1997-05-04 01:00 BST,1997-05-04 00:00,358.17121280330457,-0.7926699816374827
Ketu,2,1997-05-04 02:00 BST,1997-05-04 01:00,358.17063749587993,-0.7929192380019529
Ketu,3,1997-05-04 03:00 BST,1997-05-04 02:00,358.1700126898362,-0.7931899398227479
Ketu,4,1997-05-04 04:00 BST,1997-05-04 03:00,358.16933776568953,-0.7934823554637783
Ketu,5,1997-05-04 05:00 BST,1997-05-04 04:00,358.16861212161666,-0.7937967456344209
Ketu,6,1997-05-04 06:00 BST,1997-05-04 05:00,358.1678351736556,-0.7941333633023623
Ketu,7,1997-05-04 07:00 BST,1997-05-04 06:00,358.1670063560345,-0.7944924535510984
Ketu,8,1997-05-04 08:00 BST,1997-05-04 07:00,358.16612512128813,-0.7948742535293377
Ketu,9,1997-05-04 09:00 BST,1997-05-04 08:00,358.1651909405367,-0.7952789923302246
Ketu,10,1997-05-04 10:00 BST,1997-05-04 09:00,358.1642033037358,-0.7957068908828289
Ketu,11,1997-05-04 11:00 BST,1997-05-04 10:00,358.1631617197754,-0.7961581619093409
Ketu,12,1997-05-04 12:00 BST,1997-05-04 11:00,358.1620657167853,-0.7966330097925766
Ketu,13,1997-05-04 13:00 BST,1997-05-04 12:00,358.1609148422732,-0.7971316305160833
Ketu,14,1997-05-04 14:00 BST,1997-05-04 13:00,358.15970866333197,-0.7976542115743619
Ketu,15,1997-05-04 15:00 BST,1997-05-04 14:00,358.1584467667756,-0.7982009319138091
Ketu,16,1997-05-04 16:00 BST,1997-05-04 15:00,358.1571287593465,-0.7987719618430318
Ketu,17,1997-05-04 17:00 BST,1997-05-04 16:00,358.1557542678629,-0.7993674629686854
Ketu,18,1997-05-04 18:00 BST,1997-05-04 17:00,358.15432293937124,-0.7999875881296576
Ketu,19,1997-05-04 19:00 BST,1997-05-04 18:00,358.1528344413084,-0.8006324813265514
Ketu,20,1997-05-04 20:00 BST,1997-05-04 19:00,358.1512884615885,-0.8013022776842834
Ketu,21,1997-05-04 21:00 BST,1997-05-04 20:00,358.14968470876113,-0.801997103383201
Ketu,22,1997-05-04 22:00 BST,1997-05-04 21:00,358.14802291218956,-0.8027170755821843
Ketu,23,1997-05-04 23:00 BST,1997-05-04 22:00,358.14630282207446,-0.8034623024080567
Ketu,24,1997-05-05 00:00 BST,1997-05-04 23:00,358.1445242095317,-0.8042328829220765
Mars,0,1997-05-04 00:00 BST,1997-05-03 23:00,168.78039210231353,6.8573527717151
Mars,1,1997-05-04 01:00 BST,1997-05-04 00:00,168.78223795592592,6.854551853912451
Mars,2,1997-05-04 02:00 BST,1997-05-04 01:00,168.7841982087478,6.851734314098828
Mars,3,1997-05-04 03:00 BST,1997-05-04 02:00,168.7862900427079,6.848903432093358
Mars,4,1997-05-04 04:00 BST,1997-05-04 03:00,168.7885229080009,6.84606289883657
Mars,5,1997-05-04 05:00 BST,1997-05-04 04:00,168.79089788092165,6.843216563408503
Mars,6,1997-05-04 06:00 BST,1997-05-04 05:00,168.79340759667818,6.840368169403604
Mars,7,1997-05-04 07:00 BST,1997-05-04 06:00,168.7960367588613,6.837521099528576
Mars,8,1997-05-04 08:00 BST,1997-05-04 07:00,168.7987631922319,6.834678144792125
Mars,9,1997-05-04 09:00 BST,1997-05-04 08:00,168.8015593648145,6.831841314989964
Mars,10,1997-05-04 10:00 BST,1997-05-04 09:00,168.804394276523,6.829011702403266
Mars,11,1997-05-04 11:00 BST,1997-05-04 10:00,168.80723558175666,6.826189409129715
Mars,12,1997-05-04 12:00 BST,1997-05-04 11:00,168.81005180347447,6.823373541994488
Mars,13,1997-05-04 13:00 BST,1997-05-04 12:00,168.81281448757147,6.8205622750082595
Mars,14,1997-05-04 14:00 BST,1997-05-04 13:00,168.81550014749826,6.817752976068494
Mars,15,1997-05-04 15:00 BST,1997-05-04 14:00,168.8180918672044,6.814942389053283
Mars,16,1997-05-04 16:00 BST,1997-05-04 15:00,168.8205804565728,6.812126857045209
Mars,17,1997-05-04 17:00 BST,1997-05-04 16:00,168.82296507360772,6.809302574176679
Mars,18,1997-05-04 18:00 BST,1997-05-04 17:00,168.82525327815964,6.806465846026618
Mars,19,1997-05-04 19:00 BST,1997-05-04 18:00,168.82746050688382,6.803613343540837
Mars,20,1997-05-04 20:00 BST,1997-05-04 19:00,168.8296090119448,6.800742330123881
Mars,21,1997-05-04 21:00 BST,1997-05-04 20:00,168.83172633167203,6.7978508487922
Mars,22,1997-05-04 22:00 BST,1997-05-04 21:00,168.83384340053667,6.794937855386841
Mars,23,1997-05-04 23:00 BST,1997-05-04 22:00,168.83599242694788,6.792003289152203
Mars,24,1997-05-05 00:00 BST,1997-05-04 23:00,168.83820468680844,6.789048075292177
Mercury,0,1997-05-04 00:00 BST,1997-05-03 23:00,28.702876491333047,10.526463766411979
Mercury,1,1997-05-04 01:00 BST,1997-05-04 00:00,28.69303141263987,10.51113120363227
Mercury,2,1997-05-04 02:00 BST,1997-05-04 01:00,28.683261400103852,10.495889663873145
Mercury,3,1997-05-04 03:00 BST,1997-05-04 02:00,28.673522234619437,10.480736557178227
Mercury,4,1997-05-04 04:00 BST,1997-05-04 03:00,28.66377514727621,10.46566734157446
Mercury,5,1997-05-04 05:00 BST,1997-05-04 04:00,28.653989492809387,10.450675858501961
Mercury,6,1997-05-04 06:00 BST,1997-05-04 05:00,28.644144853060176,10.43575477306038
Mercury,7,1997-05-04 07:00 BST,1997-05-04 06:00,28.634232447260203,10.42089609815242
Mercury,8,1997-05-04 08:00 BST,1997-05-04 07:00,28.624255733704107,10.406091755627775
Mercury,9,1997-05-04 09:00 BST,1997-05-04 08:00,28.614230177086664,10.391334145571092
Mercury,10,1997-05-04 10:00 BST,1997-05-04 09:00,28.604182194491255,10.376616681956692
Mercury,11,1997-05-04 11:00 BST,1997-05-04 10:00,28.594147339649123,10.36193425033418
Mercury,12,1997-05-04 12:00 BST,1997-05-04 11:00,28.584167873861624,10.347283570164242
Mercury,13,1997-05-04 13:00 BST,1997-05-04 12:00,28.574289871166187,10.332663426160341
Mercury,14,1997-05-04 14:00 BST,1997-05-04 13:00,28.564560065114705,10.31807475639077
Mercury,15,1997-05-04 15:00 BST,1997-05-04 14:00,28.555022660141812,10.303520596570547
Mercury,16,1997-05-04 16:00 BST,1997-05-04 15:00,28.545716306257635,10.289005873518708
Mercury,17,1997-05-04 17:00 BST,1997-05-04 16:00,28.53667147773964,10.274537078568308
Mercury,18,1997-05-04 18:00 BST,1997-05-04 17:00,28.52790839522425,10.260121825187541
Mercury,19,1997-05-04 19:00 BST,1997-05-04 18:00,28.519435673116398,10.245768341311182
Mercury,20,1997-05-04 20:00 BST,1997-05-04 19:00,28.511249749369576,10.231484912726696
Mercury,21,1997-05-04 21:00 BST,1997-05-04 20:00,28.503335162074354,10.217279331477732
Mercury,22,1997-05-04 22:00 BST,1997-05-04 21:00,28.49566563234752,10.203158375684124
Mercury,23,1997-05-04 23:00 BST,1997-05-04 22:00,28.488205894838302,10.189127363868602
Mercury,24,1997-05-05 00:00 BST,1997-05-04 23:00,28.480914131764123,10.175189806856096
Moon,0,1997-05-04 00:00 BST,1997-05-03 23:00,4.915501935100084,0.5714268522356347
Moon,1,1997-05-04 01:00 BST,1997-05-04 00:00,5.622875398490238,0.7591853440614569
Moon,2,1997-05-04 02:00 BST,1997-05-04 01:00,6.308608895689103,0.9477713050886325
Moon,3,1997-05-04 03:00 BST,1997-05-04 02:00,6.965588674881712,1.1373519461893995
Moon,4,1997-05-04 04:00 BST,1997-05-04 03:00,7.5883826116317605,1.3279773879621715
Moon,5,1997-05-04 05:00 BST,1997-05-04 04:00,8.17361173028608,1.5195642035780226
Moon,6,1997-05-04 06:00 BST,1997-05-04 05:00,8.720222198567525,1.711890102628641
Moon,7,1997-05-04 07:00 BST,1997-05-04 06:00,9.22962504636887,1.9046007987869191
Moon,8,1997-05-04 08:00 BST,1997-05-04 07:00,9.705681278749086,2.097232060240874
Moon,9,1997-05-04 09:00 BST,1997-05-04 08:00,10.154509802738461,2.289244576858841
Moon,10,1997-05-04 10:00 BST,1997-05-04 09:00,10.584118276257332,2.480070318035311
Moon,11,1997-05-04 11:00 BST,1997-05-04 10:00,11.00387470417077,2.6691662272986134
Moon,12,1997-05-04 12:00 BST,1997-05-04 11:00,11.423856865998754,2.856068872097337
Moon,13,1997-05-04 13:00 BST,1997-05-04 12:00,11.854136194235585,3.040443796576651
Moon,14,1997-05-04 14:00 BST,1997-05-04 13:00,12.30406248938277,3.222123703775871
Moon,15,1997-05-04 15:00 BST,1997-05-04 14:00,12.781615086020599,3.4011308816860955
Moon,16,1997-05-04 16:00 BST,1997-05-04 15:00,13.292875584630824,3.5776814569531443
Moon,17,1997-05-04 17:00 BST,1997-05-04 16:00,13.841662471798513,3.752172657207881
Moon,18,1997-05-04 18:00 BST,1997-05-04 17:00,14.429341967352693,3.92515430631062
Moon,19,1997-05-04 19:00 BST,1997-05-04 18:00,15.054814503054741,4.09728903271617
Moon,20,1997-05-04 20:00 BST,1997-05-04 19:00,15.71465739989435,4.269304682968654
Moon,21,1997-05-04 21:00 BST,1997-05-04 20:00,16.403399036709374,4.441943743073303
Moon,22,1997-05-04 22:00 BST,1997-05-04 21:00,17.113891140924444,4.615911708264252
Moon,23,1997-05-04 23:00 BST,1997-05-04 22:00,17.837752383445498,4.791827657330689
Moon,24,1997-05-05 00:00 BST,1997-05-04 23:00,18.56585869189004,4.970179054391377
Neptune,0,1997-05-04 00:00 BST,1997-05-03 23:00,302.08074434649774,-19.739878838122156
Neptune,1,1997-05-04 01:00 BST,1997-05-04 00:00,302.0807104150292,-19.73989107604542
Neptune,2,1997-05-04 02:00 BST,1997-05-04 01:00,302.0806713010167,-19.739904586997245
Neptune,3,1997-05-04 03:00 BST,1997-05-04 02:00,302.0806262749813,-19.73991898804249
Neptune,4,1997-05-04 04:00 BST,1997-05-04 03:00,302.0805749450275,-19.73993384908395
Neptune,5,1997-05-04 05:00 BST,1997-05-04 04:00,302.0805172837216,-19.73994872233226
Neptune,6,1997-05-04 06:00 BST,1997-05-04 05:00,302.08045362998917,-19.73996317298911
Neptune,7,1997-05-04 07:00 BST,1997-05-04 06:00,302.0803846658922,-19.739976809043956
Neptune,8,1997-05-04 08:00 BST,1997-05-04 07:00,302.0803113699161,-19.739989308135367
Neptune,9,1997-05-04 09:00 BST,1997-05-04 08:00,302.08023494992267,-19.740000439643087
Neptune,10,1997-05-04 10:00 BST,1997-05-04 09:00,302.08015676039025,-19.74001008049288
Neptune,11,1997-05-04 11:00 BST,1997-05-04 10:00,302.080078209605,-19.740018223591242
Neptune,12,1997-05-04 12:00 BST,1997-05-04 11:00,302.0800006631628,-19.740024978312448
Neptune,13,1997-05-04 13:00 BST,1997-05-04 12:00,302.0799253503978,-19.74003056300407
Neptune,14,1997-05-04 14:00 BST,1997-05-04 13:00,302.07985328013325,-19.740035290025965
Neptune,15,1997-05-04 15:00 BST,1997-05-04 14:00,302.0797851715566,-19.740039544344942
Neptune,16,1997-05-04 16:00 BST,1997-05-04 15:00,302.07972140494815,-19.74004375715205
Neptune,17,1997-05-04 17:00 BST,1997-05-04 16:00,302.07966199560747,-19.740048376315833
Neptune,18,1997-05-04 18:00 BST,1997-05-04 17:00,302.0796065928083,-19.740053835689725
Neptune,19,1997-05-04 19:00 BST,1997-05-04 18:00,302.07955450383776,-19.740060525379082
Neptune,20,1997-05-04 20:00 BST,1997-05-04 19:00,302.07950474146276,-19.740068765006388
Neptune,21,1997-05-04 21:00 BST,1997-05-04 20:00,302.0794560915816,-19.740078781806282
Neptune,22,1997-05-04 22:00 BST,1997-05-04 21:00,302.07940719643284,-19.740090695048842
Neptune,23,1997-05-04 23:00 BST,1997-05-04 22:00,302.0793566476323,-19.74010450786433
Neptune,24,1997-05-05 00:00 BST,1997-05-04 23:00,302.0793030826928,-19.740120107024104
Pallas,0,1997-05-04 00:00 BST,1997-05-03 23:00,299.21191545886217,16.298670284165286
Pallas,1,1997-05-04 01:00 BST,1997-05-04 00:00,299.2144477915708,16.304561958109225
Pallas,2,1997-05-04 02:00 BST,1997-05-04 01:00,299.2169372027517,16.310451545125854
Pallas,3,1997-05-04 03:00 BST,1997-05-04 02:00,299.2193856798877,16.31633663694288
Pallas,4,1997-05-04 04:00 BST,1997-05-04 03:00,299.22179745721064,16.32221504365065
Pallas,5,1997-05-04 05:00 BST,1997-05-04 04:00,299.2241787259485,16.328084944218
Pallas,6,1997-05-04 06:00 BST,1997-05-04 05:00,299.2265372109271,16.33394501112719
Pallas,7,1997-05-04 07:00 BST,1997-05-04 06:00,299.22888164111475,16.33979450147189
Pallas,8,1997-05-04 08:00 BST,1997-05-04 07:00,299.231221152274,16.34563330845778
Pallas,9,1997-05-04 09:00 BST,1997-05-04 08:00,299.23356466049296,16.35146196893147
Pallas,10,1997-05-04 10:00 BST,1997-05-04 09:00,299.2359202509044,16.357281626719317
Pallas,11,1997-05-04 11:00 BST,1997-05-04 10:00,299.23829462358805,16.363093954847145
Pallas,12,1997-05-04 12:00 BST,1997-05-04 11:00,299.2406926335164,16.368901040931668
Pallas,13,1997-05-04 13:00 BST,1997-05-04 12:00,299.2431169573377,16.37470524393337
Pallas,14,1997-05-04 14:00 BST,1997-05-04 13:00,299.24556790895065,16.38050903287557
Pallas,15,1997-05-04 15:00 BST,1997-05-04 14:00,299.24804341708335,16.386314817217755
Pallas,16,1997-05-04 16:00 BST,1997-05-04 15:00,299.25053916641116,16.39212478112946
Pallas,17,1997-05-04 17:00 BST,1997-05-04 16:00,299.25304889222997,16.397940733721008
Pallas,18,1997-05-04 18:00 BST,1997-05-04 17:00,299.255564808723,16.40376398422561
Pallas,19,1997-05-04 19:00 BST,1997-05-04 18:00,299.25807814182986,16.40959525126255
Pallas,20,1997-05-04 20:00 BST,1997-05-04 19:00,299.26057973003446,16.415434613099922
Pallas,21,1997-05-04 21:00 BST,1997-05-04 20:00,299.2630606513723,16.421281501231547
Pallas,22,1997-05-04 22:00 BST,1997-05-04 21:00,299.265512834734,16.427134738169407
Pallas,23,1997-05-04 23:00 BST,1997-05-04 22:00,299.26792961333143,16.432992617580382
Pallas,24,1997-05-05 00:00 BST,1997-05-04 23:00,299.2703061813166,16.438853020299106
Pluto,0,1997-05-04 00:00 BST,1997-05-03 23:00,245.24307407117095,-8.351691913970305
Pluto,1,1997-05-04 01:00 BST,1997-05-04 00:00,245.24206781364194,-8.351462192933472
Pluto,2,1997-05-04 02:00 BST,1997-05-04 01:00,245.24105623076275,-8.351232367089587
Pluto,3,1997-05-04 03:00 BST,1997-05-04 02:00,245.2400399282949,-8.351002261969017
Pluto,4,1997-05-04 04:00 BST,1997-05-04 03:00,245.23901980679148,-8.350771731586388
Pluto,5,1997-05-04 05:00 BST,1997-05-04 04:00,245.23799699985,-8.35054066843584
Pluto,6,1997-05-04 06:00 BST,1997-05-04 05:00,245.23697279652126,-8.350309010881945
Pluto,7,1997-05-04 07:00 BST,1997-05-04 06:00,245.23594855304933,-8.350076747401118
Pluto,8,1997-05-04 08:00 BST,1997-05-04 07:00,245.23492559990058,-8.349843917363598
Pluto,9,1997-05-04 09:00 BST,1997-05-04 08:00,245.23390515067678,-8.349610608357295
Pluto,10,1997-05-04 10:00 BST,1997-05-04 09:00,245.23288821901954,-8.349376950200574
Pluto,11,1997-05-04 11:00 BST,1997-05-04 10:00,245.23187554913235,-8.349143106044119
Pluto,12,1997-05-04 12:00 BST,1997-05-04 11:00,245.23086756485685,-8.348909261207263
Pluto,13,1997-05-04 13:00 BST,1997-05-04 12:00,245.22986434071092,-8.34867561049924
Pluto,14,1997-05-04 14:00 BST,1997-05-04 13:00,245.22886559675337,-8.348442344861855
Pluto,15,1997-05-04 15:00 BST,1997-05-04 14:00,245.22787071787087,-8.348209638313662
Pluto,16,1997-05-04 16:00 BST,1997-05-04 15:00,245.22687879598666,-8.347977636035672
Pluto,17,1997-05-04 17:00 BST,1997-05-04 16:00,245.22588869229835,-8.347746444430793
Pluto,18,1997-05-04 18:00 BST,1997-05-04 17:00,245.22489911538733,-8.347516123848687
Pluto,19,1997-05-04 19:00 BST,1997-05-04 18:00,245.2239087098044,-8.347286684473621
Pluto,20,1997-05-04 20:00 BST,1997-05-04 19:00,245.22291614895616,-8.347058085631124
Pluto,21,1997-05-04 21:00 BST,1997-05-04 20:00,245.22192022608124,-8.346830238590618
Pluto,22,1997-05-04 22:00 BST,1997-05-04 21:00,245.22091993705234,-8.346603012675192
Pluto,23,1997-05-04 23:00 BST,1997-05-04 22:00,245.21991454916682,-8.346376244212514
Pluto,24,1997-05-05 00:00 BST,1997-05-04 23:00,245.2189036514497,-8.346149747774904
Rahu,0,1997-05-04 00:00 BST,1997-05-03 23:00,178.17173924900186,0.7924418948203923
Rahu,1,1997-05-04 01:00 BST,1997-05-04 00:00,178.1712128033046,0.7926699816374827
Rahu,2,1997-05-04 02:00 BST,1997-05-04 01:00,178.17063749587993,0.7929192380019529
Rahu,3,1997-05-04 03:00 BST,1997-05-04 02:00,178.17001268983617,0.7931899398227479
Rahu,4,1997-05-04 04:00 BST,1997-05-04 03:00,178.1693377656895,0.7934823554637783
Rahu,5,1997-05-04 05:00 BST,1997-05-04 04:00,178.16861212161663,0.7937967456344209
Rahu,6,1997-05-04 06:00 BST,1997-05-04 05:00,178.16783517365562,0.7941333633023623
Rahu,7,1997-05-04 07:00 BST,1997-05-04 06:00,178.1670063560345,0.7944924535510984
Rahu,8,1997-05-04 08:00 BST,1997-05-04 07:00,178.16612512128816,0.7948742535293377
Rahu,9,1997-05-04 09:00 BST,1997-05-04 08:00,178.16519094053672,0.7952789923302246
Rahu,10,1997-05-04 10:00 BST,1997-05-04 09:00,178.16420330373583,0.7957068908828289
Rahu,11,1997-05-04 11:00 BST,1997-05-04 10:00,178.16316171977545,0.7961581619093409
Rahu,12,1997-05-04 12:00 BST,1997-05-04 11:00,178.16206571678532,0.7966330097925766
Rahu,13,1997-05-04 13:00 BST,1997-05-04 12:00,178.1609148422732,0.7971316305160833
Rahu,14,1997-05-04 14:00 BST,1997-05-04 13:00,178.15970866333197,0.7976542115743619
Rahu,15,1997-05-04 15:00 BST,1997-05-04 14:00,178.15844676677563,0.7982009319138091
Rahu,16,1997-05-04 16:00 BST,1997-05-04 15:00,178.1571287593465,0.7987719618430318
Rahu,17,1997-05-04 17:00 BST,1997-05-04 16:00,178.1557542678629,0.7993674629686854
Rahu,18,1997-05-04 18:00 BST,1997-05-04 17:00,178.1543229393712,0.7999875881296576
Rahu,19,1997-05-04 19:00 BST,1997-05-04 18:00,178.1528344413084,0.8006324813265514
Rahu,20,1997-05-04 20:00 BST,1997-05-04 19:00,178.15128846158848,0.8013022776842834
Rahu,21,1997-05-04 21:00 BST,1997-05-04 20:00,178.14968470876116,0.801997103383201
Rahu,22,1997-05-04 22:00 BST,1997-05-04 21:00,178.14802291218956,0.8027170755821843
Rahu,23,1997-05-04 23:00 BST,1997-05-04 22:00,178.14630282207446,0.8034623024080567
Rahu,24,1997-05-05 00:00 BST,1997-05-04 23:00,178.1445242095317,0.8042328829220765
Regulus,0,1997-05-04 00:00 BST,1997-05-03 23:00,152.09478437092275,11.966677121150633
Regulus,1,1997-05-04 01:00 BST,1997-05-04 00:00,152.09476791071032,11.966679917169424
Regulus,2,1997-05-04 02:00 BST,1997-05-04 01:00,152.09475006429923,11.96668199275492
Regulus,3,1997-05-04 03:00 BST,1997-05-04 02:00,152.0947318004341,11.966683299487249
Regulus,4,1997-05-04 04:00 BST,1997-05-04 03:00,152.09471411640342,11.966683841647477
Regulus,5,1997-05-04 05:00 BST,1997-05-04 04:00,152.094697969704,11.966683675924216
Regulus,6,1997-05-04 06:00 BST,1997-05-04 05:00,152.094684212434,11.966682907529131
Regulus,7,1997-05-04 07:00 BST,1997-05-04 06:00,152.09467353290773,11.966681682987655
Regulus,8,1997-05-04 08:00 BST,1997-05-04 07:00,152.0946664084919,11.966680180098805
Regulus,9,1997-05-04 09:00 BST,1997-05-04 08:00,152.0946630728972,11.966678595752198
Regulus,10,1997-05-04 10:00 BST,1997-05-04 09:00,152.09466350016555,11.966677132437079
Regulus,11,1997-05-04 11:00 BST,1997-05-04 10:00,152.09466740644882,11.966675984367619
Regulus,12,1997-05-04 12:00 BST,1997-05-04 11:00,152.094674269459,11.9666753241754
Regulus,13,1997-05-04 13:00 BST,1997-05-04 12:00,152.09468336425547,11.966675291080797
Regulus,14,1997-05-04 14:00 BST,1997-05-04 13:00,152.0946938129184,11.966675981353587
Regulus,15,1997-05-04 15:00 BST,1997-05-04 14:00,152.09470464470365,11.966677441716662
Regulus,16,1997-05-04 16:00 BST,1997-05-04 15:00,152.09471486255768,11.966679666144449
Regulus,17,1997-05-04 17:00 BST,1997-05-04 16:00,152.09472351143583,11.96668259627578
Regulus,18,1997-05-04 18:00 BST,1997-05-04 17:00,152.09472974374162,11.966686125412627
Regulus,19,1997-05-04 19:00 BST,1997-05-04 18:00,152.09473287740403,11.966690105830597
Regulus,20,1997-05-04 20:00 BST,1997-05-04 19:00,152.09473244261335,11.966694358901064
Regulus,21,1997-05-04 21:00 BST,1997-05-04 20:00,152.0947282140127,11.96669868733033
Regulus,22,1997-05-04 22:00 BST,1997-05-04 21:00,152.09472022614068,11.966702888678011
Regulus,23,1997-05-04 23:00 BST,1997-05-04 22:00,152.09470877106492,11.966706769228331
Regulus,24,1997-05-05 00:00 BST,1997-05-04 23:00,152.09469437837026,11.966710157263368
Saturn,0,1997-05-04 00:00 BST,1997-05-03 23:00,14.152646835643553,3.6396256838560963
Saturn,1,1997-05-04 01:00 BST,1997-05-04 00:00,14.157147004927108,3.641399048344393
Saturn,2,1997-05-04 02:00 BST,1997-05-04 01:00,14.161645139566637,3.643172560883551
Saturn,3,1997-05-04 03:00 BST,1997-05-04 02:00,14.166138532571997,3.6449461808078483
Saturn,4,1997-05-04 04:00 BST,1997-05-04 03:00,14.170624738705541,3.646719824301312
Saturn,5,1997-05-04 05:00 BST,1997-05-04 04:00,14.17510174216383,3.6484933701754505
Saturn,6,1997-05-04 06:00 BST,1997-05-04 05:00,14.1795680944044,3.6502666680334372
Saturn,7,1997-05-04 07:00 BST,1997-05-04 06:00,14.184023013214928,3.6520395484769024
Saturn,8,1997-05-04 08:00 BST,1997-05-04 07:00,14.188466436447152,3.6538118347400466
Saturn,9,1997-05-04 09:00 BST,1997-05-04 08:00,14.192899026172743,3.6555833547373524
Saturn,10,1997-05-04 10:00 BST,1997-05-04 09:00,14.19732212305485,3.6573539527272882
Saturn,11,1997-05-04 11:00 BST,1997-05-04 10:00,14.201737654875,3.659123500124436
Saturn,12,1997-05-04 12:00 BST,1997-05-04 11:00,14.206148004234215,3.6608919042174595
Saturn,13,1997-05-04 13:00 BST,1997-05-04 12:00,14.210555845177062,3.662659114471252
Saturn,14,1997-05-04 14:00 BST,1997-05-04 13:00,14.214963960264406,3.6644251261138927
Saturn,15,1997-05-04 15:00 BST,1997-05-04 14:00,14.219375049811028,3.666189980434246
Saturn,16,1997-05-04 16:00 BST,1997-05-04 15:00,14.223791546640658,3.6679537618807716
Saturn,17,1997-05-04 17:00 BST,1997-05-04 16:00,14.228215449665406,3.669716592406177
Saturn,18,1997-05-04 18:00 BST,1997-05-04 17:00,14.232648186782125,3.671478623079298
Saturn,19,1997-05-04 19:00 BST,1997-05-04 18:00,14.237090516695883,3.6732400236230385
Saturn,20,1997-05-04 20:00 BST,1997-05-04 19:00,14.241542477244858,3.675000970934714
Saturn,21,1997-05-04 21:00 BST,1997-05-04 20:00,14.2460033824566,3.6767616368484184
Saturn,22,1997-05-04 22:00 BST,1997-05-04 21:00,14.250471869253241,3.6785221762644817
Saturn,23,1997-05-04 23:00 BST,1997-05-04 22:00,14.254945990993534,3.6802827166110754
Saturn,24,1997-05-05 00:00 BST,1997-05-04 23:00,14.259423350479254,3.6820433489764417
Sun,0,1997-05-04 00:00 BST,1997-05-03 23:00,41.114468064690236,15.910575933250481
Sun,1,1997-05-04 01:00 BST,1997-05-04 00:00,41.15494363500563,15.922658516664569
Sun,2,1997-05-04 02:00 BST,1997-05-04 01:00,41.19542790873558,15.934761177926514
Sun,3,1997-05-04 03:00 BST,1997-05-04 02:00,41.23589353840786,15.946883341352914
Sun,4,1997-05-04 04:00 BST,1997-05-04 03:00,41.276314722623624,15.959022580289625
Sun,5,1997-05-04 05:00 BST,1997-05-04 04:00,41.31666896708775,15.971174780156245
Sun,6,1997-05-04 06:00 BST,1997-05-04 05:00,41.35693861666032,15.983334415617716
Sun,7,1997-05-04 07:00 BST,1997-05-04 06:00,41.39711205802875,15.995494924385241
Sun,8,1997-05-04 08:00 BST,1997-05-04 07:00,41.43718451490597,16.007649153542626
Sun,9,1997-05-04 09:00 BST,1997-05-04 08:00,41.47715837349101,16.019789845705755
Sun,10,1997-05-04 10:00 BST,1997-05-04 09:00,41.51704301980133,16.031910133125752
Sun,11,1997-05-04 11:00 BST,1997-05-04 10:00,41.55685420366949,16.044004007221556
Sun,12,1997-05-04 12:00 BST,1997-05-04 11:00,41.59661296473675,16.05606672904789
Sun,13,1997-05-04 13:00 BST,1997-05-04 12:00,41.63634419750464,16.06809515375926
Sun,14,1997-05-04 14:00 BST,1997-05-04 13:00,41.67607495713679,16.08008794793362
Sun,15,1997-05-04 15:00 BST,1997-05-04 14:00,41.71583261375315,16.092045682359373
Sun,16,1997-05-04 16:00 BST,1997-05-04 15:00,41.755642985059616,16.103970794954147
Sun,17,1997-05-04 17:00 BST,1997-05-04 16:00,41.79552857864906,16.115867427336983
Sun,18,1997-05-04 18:00 BST,1997-05-04 17:00,41.8355070560918,16.12774114370806
Sun,19,1997-05-04 19:00 BST,1997-05-04 18:00,41.875590027461165,16.13959855228441
Sun,20,1997-05-04 20:00 BST,1997-05-04 19:00,41.91578226240882,16.151446856193562
Sun,21,1997-05-04 21:00 BST,1997-05-04 20:00,41.95608136363629,16.16329336207751
Sun,22,1997-05-04 22:00 BST,1997-05-04 21:00,41.99647792883009,16.175144981040443
Sun,23,1997-05-04 23:00 BST,1997-05-04 22:00,42.0369561938995,16.187007757147622
Sun,24,1997-05-05 00:00 BST,1997-05-04 23:00,42.07749510568386,16.198886453292268
Uranus,0,1997-05-04 00:00 BST,1997-05-03 23:00,311.27197848165275,-18.680726548011236
Uranus,1,1997-05-04 01:00 BST,1997-05-04 00:00,311.2723267728124,-18.68067366969289
Uranus,2,1997-05-04 02:00 BST,1997-05-04 01:00,311.27266813343374,-18.680622381774292
Uranus,3,1997-05-04 03:00 BST,1997-05-04 02:00,311.273001716314,-18.68057221330503
Uranus,4,1997-05-04 04:00 BST,1997-05-04 03:00,311.27332710602906,-18.68052264265137
Uranus,5,1997-05-04 05:00 BST,1997-05-04 04:00,311.2736443473951,-18.680473133248054
Uranus,6,1997-05-04 06:00 BST,1997-05-04 05:00,311.273953942438,-18.680423170360935
Uranus,7,1997-05-04 07:00 BST,1997-05-04 06:00,311.27425681596503,-18.680372296372006
Uranus,8,1997-05-04 08:00 BST,1997-05-04 07:00,311.27455425226447,-18.680320142128878
Uranus,9,1997-05-04 09:00 BST,1997-05-04 08:00,311.27484780704515,-18.680266452261332
Uranus,10,1997-05-04 10:00 BST,1997-05-04 09:00,311.275139200876,-18.68021110267579
Uranus,11,1997-05-04 11:00 BST,1997-05-04 10:00,311.27543020125887,-18.68015410907188
Uranus,12,1997-05-04 12:00 BST,1997-05-04 11:00,311.2757225015188,-18.680095625867697
Uranus,13,1997-05-04 13:00 BST,1997-05-04 12:00,311.2760176047322,-18.680035935629153
Uranus,14,1997-05-04 14:00 BST,1997-05-04 13:00,311.27631672073636,-18.679975429706122
Uranus,15,1997-05-04 15:00 BST,1997-05-04 14:00,311.2766206831817,-18.67991458142392
Uranus,16,1997-05-04 16:00 BST,1997-05-04 15:00,311.27692989240023,-18.67985391364613
Uranus,17,1997-05-04 17:00 BST,1997-05-04 16:00,311.27724428793397,-18.679793962951237
Uranus,18,1997-05-04 18:00 BST,1997-05-04 17:00,311.2775633526653,-18.679735242860193
Uranus,19,1997-05-04 19:00 BST,1997-05-04 18:00,311.27788614821924,-18.67967820864782
Uranus,20,1997-05-04 20:00 BST,1997-05-04 19:00,311.278211379255,-18.679623226141356
Uranus,21,1997-05-04 21:00 BST,1997-05-04 20:00,311.2785374821943,-18.679570546651902
Uranus,22,1997-05-04 22:00 BST,1997-05-04 21:00,311.2788627323565,-18.679520289746392
Uranus,23,1997-05-04 23:00 BST,1997-05-04 22:00,311.2791853621531,-18.679472435045778
Uranus,24,1997-05-05 00:00 BST,1997-05-04 23:00,311.27950368218103,-18.679426823621366
Venus,0,1997-05-04 00:00 BST,1997-05-03 23:00,49.379331917882254,17.86538395940161
Venus,1,1997-05-04 01:00 BST,1997-05-04 00:00,49.43122317707471,17.880217403736296
Venus,2,1997-05-04 02:00 BST,1997-05-04 01:00,49.483135916957316,17.895055305859806
Venus,3,1997-05-04 03:00 BST,1997-05-04 02:00,49.535053809280534,17.909898092840173
Venus,4,1997-05-04 04:00 BST,1997-05-04 03:00,49.58696072414764,17.924744942694165
Venus,5,1997-05-04 05:00 BST,1997-05-04 04:00,49.638841829595776,17.939593837752778
Venus,6,1997-05-04 06:00 BST,1997-05-04 05:00,49.6906846004666,17.954441698835684
Venus,7,1997-05-04 07:00 BST,1997-05-04 06:00,49.74247966875127,17.969284591362577
Venus,8,1997-05-04 08:00 BST,1997-05-04 07:00,49.79422146687157,17.984117992304483
Venus,9,1997-05-04 09:00 BST,1997-05-04 08:00,49.84590860437202,17.99893709527157
Venus,10,1997-05-04 10:00 BST,1997-05-04 09:00,49.89754396379866,18.013737136502282
Venus,11,1997-05-04 11:00 BST,1997-05-04 10:00,49.949134507797766,18.02851371903808
Venus,12,1997-05-04 12:00 BST,1997-05-04 11:00,50.000690805163494,18.043263111598336
Venus,13,1997-05-04 13:00 BST,1997-05-04 12:00,50.05222631064635,18.0579825024363
Venus,14,1997-05-04 14:00 BST,1997-05-04 13:00,50.10375645315233,18.07267019242404
Venus,15,1997-05-04 15:00 BST,1997-05-04 14:00,50.15529758485413,18.087325711381826
Venus,16,1997-05-04 16:00 BST,1997-05-04 15:00,50.20686586568795,18.10194985038439
Venus,17,1997-05-04 17:00 BST,1997-05-04 16:00,50.25847616699334,18.116544609985265
Venus,18,1997-05-04 18:00 BST,1997-05-04 17:00,50.31014105761728,18.131113064492922
Venus,19,1997-05-04 19:00 BST,1997-05-04 18:00,50.3618699459974,18.14565915268971
Venus,20,1997-05-04 20:00 BST,1997-05-04 19:00,50.41366844234596,18.16018741076412
Venus,21,1997-05-04 21:00 BST,1997-05-04 20:00,50.46553797450735,18.174702662805373
Venus,22,1997-05-04 22:00 BST,1997-05-04 21:00,50.51747568870999,18.18920969131563
Venus,23,1997-05-04 23:00 BST,1997-05-04 22:00,50.569474645878515,18.20371291121735
Venus,24,1997-05-05 00:00 BST,1997-05-04 23:00,50.6215242911598,18.21821606706506
Vesta,0,1997-05-04 00:00 BST,1997-05-03 23:00,0.4173511828880539,-4.987643478253189
Vesta,1,1997-05-04 01:00 BST,1997-05-04 00:00,0.43497353577306813,-4.981393684593023
Vesta,2,1997-05-04 02:00 BST,1997-05-04 01:00,0.45257370682692727,-4.975147680023074
Vesta,3,1997-05-04 03:00 BST,1997-05-04 02:00,0.47014480843202494,-4.968904925552671
Vesta,4,1997-05-04 04:00 BST,1997-05-04 03:00,0.4876817778013763,-4.962664749083937
Vesta,5,1997-05-04 05:00 BST,1997-05-04 04:00,0.5051817255284968,-4.95642639096132
Vesta,6,1997-05-04 06:00 BST,1997-05-04 05:00,0.5226441323110806,-4.950189056608988
Vesta,7,1997-05-04 07:00 BST,1997-05-04 06:00,0.5400708848215672,-4.943951971006658
Vesta,8,1997-05-04 08:00 BST,1997-05-04 07:00,0.5574661479102198,-4.937714431425892
Vesta,9,1997-05-04 09:00 BST,1997-05-04 08:00,0.5748360797163844,-4.931475855557056
Vesta,10,1997-05-04 10:00 BST,1997-05-04 09:00,0.5921884105898338,-4.925235821235075
Vesta,11,1997-05-04 11:00 BST,1997-05-04 10:00,0.6095319155879927,-4.918994094716906
Vesta,12,1997-05-04 12:00 BST,1997-05-04 11:00,0.6268758143351815,-4.912750646397818
Vesta,13,1997-05-04 13:00 BST,1997-05-04 12:00,0.6442291395815296,-4.906505652839009
Vesta,14,1997-05-04 14:00 BST,1997-05-04 13:00,0.6616001208383039,-4.900259483824478
Vesta,15,1997-05-04 15:00 BST,1997-05-04 14:00,0.6789956207878798,-4.8940126769899095
Vesta,16,1997-05-04 16:00 BST,1997-05-04 15:00,0.6964206651634075,-4.887765901009184
Vesta,17,1997-05-04 17:00 BST,1997-05-04 16:00,0.7138780999739803,-4.881519909267241
Vesta,18,1997-05-04 18:00 BST,1997-05-04 17:00,0.7313683954895083,-4.875275488668331
Vesta,19,1997-05-04 19:00 BST,1997-05-04 18:00,0.7488896135931034,-4.869033405913811
Vesta,20,1997-05-04 20:00 BST,1997-05-04 19:00,0.7664375404556899,-4.86279435507315
Vesta,21,1997-05-04 21:00 BST,1997-05-04 20:00,0.7840059738747357,-4.856558910557655
Vesta,22,1997-05-04 22:00 BST,1997-05-04 21:00,0.8015871462370515,-4.850327488511304
Vesta,23,1997-05-04 23:00 BST,1997-05-04 22:00,0.8191722561880945,-4.844100318525362
Vesta,24,1997-05-05 00:00 BST,1997-05-04 23:00,0.8367520698588579,-4.837877428573706
equator,0,1997-05-04 00:00 BST,1997-05-03 23:00,,0.0
equator,1,1997-05-04 01:00 BST,1997-05-04 00:00,,0.0
equator,2,1997-05-04 02:00 BST,1997-05-04 01:00,,0.0
equator,3,1997-05-04 03:00 BST,1997-05-04 02:00,,0.0
equator,4,1997-05-04 04:00 BST,1997-05-04 03:00,,0.0
equator,5,1997-05-04 05:00 BST,1997-05-04 04:00,,0.0
equator,6,1997-05-04 06:00 BST,1997-05-04 05:00,,0.0
equator,7,1997-05-04 07:00 BST,1997-05-04 06:00,,0.0
equator,8,1997-05-04 08:00 BST,1997-05-04 07:00,,0.0
equator,9,1997-05-04 09:00 BST,1997-05-04 08:00,,0.0
equator,10,1997-05-04 10:00 BST,1997-05-04 09:00,,0.0
equator,11,1997-05-04 11:00 BST,1997-05-04 10:00,,0.0
equator,12,1997-05-04 12:00 BST,1997-05-04 11:00,,0.0
equator,13,1997-05-04 13:00 BST,1997-05-04 12:00,,0.0
equator,14,1997-05-04 14:00 BST,1997-05-04 13:00,,0.0
equator,15,1997-05-04 15:00 BST,1997-05-04 14:00,,0.0
equator,16,1997-05-04 16:00 BST,1997-05-04 15:00,,0.0
equator,17,1997-05-04 17:00 BST,1997-05-04 16:00,,0.0
equator,18,1997-05-04 18:00 BST,1997-05-04 17:00,,0.0
equator,19,1997-05-04 19:00 BST,1997-05-04 18:00,,0.0
equator,20,1997-05-04 20:00 BST,1997-05-04 19:00,,0.0
equator,21,1997-05-04 21:00 BST,1997-05-04 20:00,,0.0
equator,22,1997-05-04 22:00 BST,1997-05-04 21:00,,0.0
equator,23,1997-05-04 23:00 BST,1997-05-04 22:00,,0.0
equator,24,1997-05-05 00:00 BST,1997-05-04 23:00,,0.0
Transpluto,0,1997-05-04 00:00 BST,1997-05-03 23:00,146.09212779513717,13.598298610628856
Transpluto,1,1997-05-04 01:00 BST,1997-05-04 00:00,146.09208647595327,13.598312802465198
Transpluto,2,1997-05-04 02:00 BST,1997-05-04 01:00,146.09204545368482,13.598326899563533
Transpluto,3,1997-05-04 03:00 BST,1997-05-04 02:00,146.09200472787126,13.598340902052827
Transpluto,4,1997-05-04 04:00 BST,1997-05-04 03:00,146.09196429805456,13.59835481005821
Transpluto,5,1997-05-04 05:00 BST,1997-05-04 04:00,146.09192416377724,13.598368623701358
Transpluto,6,1997-05-04 06:00 BST,1997-05-04 05:00,146.09188432458407,13.598382343100292
Transpluto,7,1997-05-04 07:00 BST,1997-05-04 06:00,146.0918447800236,13.598395968368699
Transpluto,8,1997-05-04 08:00 BST,1997-05-04 07:00,146.09180552964582,13.598409499616757
Transpluto,9,1997-05-04 09:00 BST,1997-05-04 08:00,146.09176657300387,13.598422936950657
Transpluto,10,1997-05-04 10:00 BST,1997-05-04 09:00,146.09172790965553,13.598436280472008
Transpluto,11,1997-05-04 11:00 BST,1997-05-04 10:00,146.09168953916085,13.598449530278833
Transpluto,12,1997-05-04 12:00 BST,1997-05-04 11:00,146.09165146108376,13.598462686464952
Transpluto,13,1997-05-04 13:00 BST,1997-05-04 12:00,146.0916136749935,13.598475749119494
Transpluto,14,1997-05-04 14:00 BST,1997-05-04 13:00,146.09157618046274,13.598488718327685
Transpluto,15,1997-05-04 15:00 BST,1997-05-04 14:00,146.09153897706858,13.598501594170491
Transpluto,16,1997-05-04 16:00 BST,1997-05-04 15:00,146.0915020643944,13.598514376723962
Transpluto,17,1997-05-04 17:00 BST,1997-05-04 16:00,146.0914654420276,13.598527066060267
Transpluto,18,1997-05-04 18:00 BST,1997-05-04 17:00,146.09142910956092,13.598539662246987
Transpluto,19,1997-05-04 19:00 BST,1997-05-04 18:00,146.09139306659432,13.598552165346696
Transpluto,20,1997-05-04 20:00 BST,1997-05-04 19:00,146.09135731273142,13.598564575418301
Transpluto,21,1997-05-04 21:00 BST,1997-05-04 20:00,146.0913218475832,13.598576892515577
Transpluto,22,1997-05-04 22:00 BST,1997-05-04 21:00,146.09128667076766,13.59858911668754
Transpluto,23,1997-05-04 23:00 BST,1997-05-04 22:00,146.09125178190848,13.598601247979017
Transpluto,24,1997-05-05 00:00 BST,1997-05-04 23:00,146.09121718063588,13.598613286430062
Algol_B,0,1997-05-04 00:00 BST,1997-05-03 23:00,47.03500337151653,40.95452589379055
Algol_B,1,1997-05-04 01:00 BST,1997-05-04 00:00,47.0349983335551,40.954515140334145
Algol_B,2,1997-05-04 02:00 BST,1997-05-04 01:00,47.03499820598461,40.95450412063166
Algol_B,3,1997-05-04 03:00 BST,1997-05-04 02:00,47.03500296037627,40.95449347401042
Algol_B,4,1997-05-04 04:00 BST,1997-05-04 03:00,47.03501223405222,40.95448381427292
Algol_B,5,1997-05-04 05:00 BST,1997-05-04 04:00,47.03502535493744,40.954475687638755
Algol_B,6,1997-05-04 06:00 BST,1997-05-04 05:00,47.03504138761086,40.954469535318694
Algol_B,7,1997-05-04 07:00 BST,1997-05-04 06:00,47.035059197399654,40.95446566328383
Algol_B,8,1997-05-04 08:00 BST,1997-05-04 07:00,47.03507752812776,40.9544642213006
Algol_B,9,1997-05-04 09:00 BST,1997-05-04 08:00,47.035095088187695,40.9544651926695
Algol_B,10,1997-05-04 10:00 BST,1997-05-04 09:00,47.03511063903992,40.954468395369396
Algol_B,11,1997-05-04 11:00 BST,1997-05-04 10:00,47.03512308007803,40.9544734945294
Algol_B,12,1997-05-04 12:00 BST,1997-05-04 11:00,47.03513152404115,40.95448002537414
Algol_B,13,1997-05-04 13:00 BST,1997-05-04 12:00,47.035135357808954,40.95448742506927
Algol_B,14,1997-05-04 14:00 BST,1997-05-04 13:00,47.03513428441378,40.954495071287134
Algol_B,15,1997-05-04 15:00 BST,1997-05-04 14:00,47.035128343389175,40.95450232484826
Algol_B,16,1997-05-04 16:00 BST,1997-05-04 15:00,47.035117908062574,40.95450857351774
Algol_B,17,1997-05-04 17:00 BST,1997-05-04 16:00,47.03510365997537,40.95451327395645
Algol_B,18,1997-05-04 18:00 BST,1997-05-04 17:00,47.03508654218433,40.95451598895082
Algol_B,19,1997-05-04 19:00 BST,1997-05-04 18:00,47.035067694644255,40.95451641737122
Algol_B,20,1997-05-04 20:00 BST,1997-05-04 19:00,47.03504837609668,40.95451441480613
Algol_B,21,1997-05-04 21:00 BST,1997-05-04 20:00,47.03502987782174,40.95451000345733
Algol_B,22,1997-05-04 22:00 BST,1997-05-04 21:00,47.035013435158504,40.95450337061898
Algol_B,23,1997-05-04 23:00 BST,1997-05-04 22:00,47.03500014285853,40.95449485584382
Algol_B,24,1997-05-05 00:00 BST,1997-05-04 23:00,47.0349908800741,40.95448492767675
Pleiades_B,0,1997-05-04 00:00 BST,1997-05-03 23:00,56.86530139693336,24.104119012779986
Pleiades_B,1,1997-05-04 01:00 BST,1997-05-04 00:00,56.86529399798046,24.104113178929293
Pleiades_B,2,1997-05-04 02:00 BST,1997-05-04 01:00,56.865290526137926,24.10410692321719
Pleiades_B,3,1997-05-04 03:00 BST,1997-05-04 02:00,56.86529114071335,24.10410063956924
Pleiades_B,4,1997-05-04 04:00 BST,1997-05-04 03:00,56.86529572123098,24.10409472386702
Pleiades_B,5,1997-05-04 05:00 BST,1997-05-04 04:00,56.86530387568732,24.104089546822117
Pleiades_B,6,1997-05-04 06:00 BST,1997-05-04 05:00,56.865314967412,24.104085428575505
Pleiades_B,7,1997-05-04 07:00 BST,1997-05-04 06:00,56.86532815869211,24.104082616762035
Pleiades_B,8,1997-05-04 08:00 BST,1997-05-04 07:00,56.865342468173026,24.10408126954271
Pleiades_B,9,1997-05-04 09:00 BST,1997-05-04 08:00,56.86535683810035,24.1040814447679
Pleiades_B,10,1997-05-04 10:00 BST,1997-05-04 09:00,56.865370206796136,24.10408309601375
Pleiades_B,11,1997-05-04 11:00 BST,1997-05-04 10:00,56.86538158140575,24.10408607576301
Pleiades_B,12,1997-05-04 12:00 BST,1997-05-04 11:00,56.86539010592728,24.104090145513002
Pleiades_B,13,1997-05-04 13:00 BST,1997-05-04 12:00,56.865395119864615,24.10409499211732
Pleiades_B,14,1997-05-04 14:00 BST,1997-05-04 13:00,56.865396203485325,24.104100249242776
Pleiades_B,15,1997-05-04 15:00 BST,1997-05-04 14:00,56.86539320658081,24.104105522470203
Pleiades_B,16,1997-05-04 16:00 BST,1997-05-04 15:00,56.865386258759486,24.10411041631989
Pleiades_B,17,1997-05-04 17:00 BST,1997-05-04 16:00,56.86537576056654,24.104114561350325
Pleiades_B,18,1997-05-04 18:00 BST,1997-05-04 17:00,56.86536235603895,24.104117639472367
Pleiades_B,19,1997-05-04 19:00 BST,1997-05-04 18:00,56.86534688857726,24.10411940574505
Pleiades_B,20,1997-05-04 20:00 BST,1997-05-04 19:00,56.86533034315472,24.10411970515944
Pleiades_B,21,1997-05-04 21:00 BST,1997-05-04 20:00,56.86531377882805,24.104118483260006
Pleiades_B,22,1997-05-04 22:00 BST,1997-05-04 21:00,56.865298256170114,24.10411578987628
Pleiades_B,23,1997-05-04 23:00 BST,1997-05-04 22:00,56.86528476459909,24.10411177570832
Pleiades_B,24,1997-05-05 00:00 BST,1997-05-04 23:00,56.86527415458377,24.10410668200079
Aldebaran_B,0,1997-05-04 00:00 BST,1997-05-03 23:00,68.97492031223554,16.508486354281565
Aldebaran_B,1,1997-05-04 01:00 BST,1997-05-04 00:00,68.97490975551413,16.508483148431107
Aldebaran_B,2,1997-05-04 02:00 BST,1997-05-04 01:00,68.97490262821199,16.50847944191528
Aldebaran_B,3,1997-05-04 03:00 BST,1997-05-04 02:00,68.97489928974613,16.50847549400521
Aldebaran_B,4,1997-05-04 04:00 BST,1997-05-04 03:00,68.97489984011393,16.508471580545365
Aldebaran_B,5,1997-05-04 05:00 BST,1997-05-04 04:00,68.97490411304176,16.508467975052465
Aldebaran_B,6,1997-05-04 06:00 BST,1997-05-04 05:00,68.97491168737895,16.508464929974288
Aldebaran_B,7,1997-05-04 07:00 BST,1997-05-04 06:00,68.97492191595506,16.508462659392322
Aldebaran_B,8,1997-05-04 08:00 BST,1997-05-04 07:00,68.9749339699249,16.50846132435284
Aldebaran_B,9,1997-05-04 09:00 BST,1997-05-04 08:00,68.97494689556062,16.508461021832453
Aldebaran_B,10,1997-05-04 10:00 BST,1997-05-04 09:00,68.9749596796006,16.50846177809335
Aldebaran_B,11,1997-05-04 11:00 BST,1997-05-04 10:00,68.97497131867867,16.508463546883863
Aldebaran_B,12,1997-05-04 12:00 BST,1997-05-04 11:00,68.97498088807383,16.508466212607615
Aldebaran_B,13,1997-05-04 13:00 BST,1997-05-04 12:00,68.97498760507197,16.508469598243924
Aldebaran_B,14,1997-05-04 14:00 BST,1997-05-04 13:00,68.97499088259788,16.50847347747718
Aldebaran_B,15,1997-05-04 15:00 BST,1997-05-04 14:00,68.97499036944154,16.508477590203764
Aldebaran_B,16,1997-05-04 16:00 BST,1997-05-04 15:00,68.97498597432377,16.508481660353993
Aldebaran_B,17,1997-05-04 17:00 BST,1997-05-04 16:00,68.97497787215111,16.508485414808696
Aldebaran_B,18,1997-05-04 18:00 BST,1997-05-04 17:00,68.97496649203187,16.50848860211316
Aldebaran_B,19,1997-05-04 19:00 BST,1997-05-04 18:00,68.97495248787453,16.5084910097069
Aldebaran_B,20,1997-05-04 20:00 BST,1997-05-04 19:00,68.97493669358158,16.508492478488733
Aldebaran_B,21,1997-05-04 21:00 BST,1997-05-04 20:00,68.97492006591148,16.508492913718314
Aldebaran_B,22,1997-05-04 22:00 BST,1997-05-04 21:00,68.97490361892127,16.508492291508045
Aldebaran_B,23,1997-05-04 23:00 BST,1997-05-04 22:00,68.97488835448293,16.50849066045983
Aldebaran_B,24,1997-05-05 00:00 BST,1997-05-04 23:00,68.97487519363534,16.508488138334766
Capella_B,0,1997-05-04 00:00 BST,1997-05-03 23:00,79.16574067063607,45.99935572842026
Capella_B,1,1997-05-04 01:00 BST,1997-05-04 00:00,79.16572251102968,45.99934716251928
Capella_B,2,1997-05-04 02:00 BST,1997-05-04 01:00,79.16570856112197,45.99933693039198
Capella_B,3,1997-05-04 03:00 BST,1997-05-04 02:00,79.16569954165759,45.99932563443328
Capella_B,4,1997-05-04 04:00 BST,1997-05-04 03:00,79.16569583578371,45.999313949892056
Capella_B,5,1997-05-04 05:00 BST,1997-05-04 04:00,79.16569746279734,45.99930257860227
Capella_B,6,1997-05-04 06:00 BST,1997-05-04 05:00,79.16570407682532,45.999292200893684
Capella_B,7,1997-05-04 07:00 BST,1997-05-04 06:00,79.16571499052432,45.99928342897661
Capella_B,8,1997-05-04 08:00 BST,1997-05-04 07:00,79.16572922217912,45.99927676499303
Capella_B,9,1997-05-04 09:00 BST,1997-05-04 08:00,79.16574556296985,45.999272566611076
Capella_B,10,1997-05-04 10:00 BST,1997-05-04 09:00,79.16576265979948,45.999271022518286
Capella_B,11,1997-05-04 11:00 BST,1997-05-04 10:00,79.16577910800827,45.99927213949286
Capella_B,12,1997-05-04 12:00 BST,1997-05-04 11:00,79.16579354761956,45.99927574193959
Capella_B,13,1997-05-04 13:00 BST,1997-05-04 12:00,79.1658047565242,45.99928148392121
Capella_B,14,1997-05-04 14:00 BST,1997-05-04 13:00,79.16581173422003,45.99928887286191
Capella_B,15,1997-05-04 15:00 BST,1997-05-04 14:00,79.16581377036576,45.99929730329807
Capella_B,16,1997-05-04 16:00 BST,1997-05-04 15:00,79.16581049345457,45.99930609836385
Capella_B,17,1997-05-04 17:00 BST,1997-05-04 16:00,79.16580189627113,45.99931455617032
Capella_B,18,1997-05-04 18:00 BST,1997-05-04 17:00,79.16578833638711,45.999321997898655
Capella_B,19,1997-05-04 19:00 BST,1997-05-04 18:00,79.16577051166249,45.99932781431292
Capella_B,20,1997-05-04 20:00 BST,1997-05-04 19:00,79.16574941242794,45.99933150750585
Capella_B,21,1997-05-04 21:00 BST,1997-05-04 20:00,79.16572625362906,45.99933272501569
Capella_B,22,1997-05-04 22:00 BST,1997-05-04 21:00,79.16570239157785,45.99933128397766
Capella_B,23,1997-05-04 23:00 BST,1997-05-04 22:00,79.16567923101695,45.99932718365416
Capella_B,24,1997-05-05 00:00 BST,1997-05-04 23:00,79.16565812886667,45.999320605485245
Sirius_B,0,1997-05-04 00:00 BST,1997-05-03 23:00,101.28433313664475,-16.71805652242761
Sirius_B,1,1997-05-04 01:00 BST,1997-05-04 00:00,101.28431585037089,-16.71805338197097
Sirius_B,2,1997-05-04 02:00 BST,1997-05-04 01:00,101.28430048218307,-16.71804930728944
Sirius_B,3,1997-05-04 03:00 BST,1997-05-04 02:00,101.28428784565453,-16.718044467528895
Sirius_B,4,1997-05-04 04:00 BST,1997-05-04 03:00,101.28427856730286,-16.718039084154718
Sirius_B,5,1997-05-04 05:00 BST,1997-05-04 04:00,101.2842730436605,-16.71803341577666
Sirius_B,6,1997-05-04 06:00 BST,1997-05-04 05:00,101.28427141410566,-16.71802774042888
Sirius_B,7,1997-05-04 07:00 BST,1997-05-04 06:00,101.28427355131272,-16.71802233651937
Sirius_B,8,1997-05-04 08:00 BST,1997-05-04 07:00,101.28427906997727,-16.718017463753156
Sirius_B,9,1997-05-04 09:00 BST,1997-05-04 08:00,101.2842873532179,-16.718013345337823
Sirius_B,10,1997-05-04 10:00 BST,1997-05-04 09:00,101.28429759484492,-16.71801015268974
Sirius_B,11,1997-05-04 11:00 BST,1997-05-04 10:00,101.28430885460106,-16.71800799368862
Sirius_B,12,1997-05-04 12:00 BST,1997-05-04 11:00,101.2843201225878,-16.71800690528605
Sirius_B,13,1997-05-04 13:00 BST,1997-05-04 12:00,101.2843303884627,-16.718006850973687
Sirius_B,14,1997-05-04 14:00 BST,1997-05-04 13:00,101.28433871066882,-16.718007723284792
Sirius_B,15,1997-05-04 15:00 BST,1997-05-04 14:00,101.28434428094957,-16.71800935115784
Sirius_B,16,1997-05-04 16:00 BST,1997-05-04 15:00,101.2843464797304,-16.71801151165741
Sirius_B,17,1997-05-04 17:00 BST,1997-05-04 16:00,101.2843449185729,-16.718013945249734
Sirius_B,18,1997-05-04 18:00 BST,1997-05-04 17:00,101.28433946679073,-16.718016373585776
Sirius_B,19,1997-05-04 19:00 BST,1997-05-04 18:00,101.28433026040528,-16.718018518573622
Sirius_B,20,1997-05-04 20:00 BST,1997-05-04 19:00,101.28431769282584,-16.71802012143368
Sirius_B,21,1997-05-04 21:00 BST,1997-05-04 20:00,101.28430238789419,-16.718020960430163
Sirius_B,22,1997-05-04 22:00 BST,1997-05-04 21:00,101.28428515713962,-16.718020866064954
Sirius_B,23,1997-05-04 23:00 BST,1997-05-04 22:00,101.28426694417253,-16.71801973269175
Sirius_B,24,1997-05-05 00:00 BST,1997-05-04 23:00,101.28424876002875,-16.718017525755158
Procyon_B,0,1997-05-04 00:00 BST,1997-05-03 23:00,114.82407338572635,5.224596291405356
Procyon_B,1,1997-05-04 01:00 BST,1997-05-04 00:00,114.82405549356567,5.224597081354019
Procyon_B,2,1997-05-04 02:00 BST,1997-05-04 01:00,114.82403863139488,5.224597544858198
Procyon_B,3,1997-05-04 03:00 BST,1997-05-04 02:00,114.82402369802836,5.22459771715229
Procyon_B,4,1997-05-04 04:00 BST,1997-05-04 03:00,114.82401146018941,5.224597653466199
Procyon_B,5,1997-05-04 05:00 BST,1997-05-04 04:00,114.82400249997363,5.224597425240891
Procyon_B,6,1997-05-04 06:00 BST,1997-05-04 05:00,114.82399717496482,5.224597115233126
Procyon_B,7,1997-05-04 07:00 BST,1997-05-04 06:00,114.82399559373401,5.224596811844897
Procyon_B,8,1997-05-04 08:00 BST,1997-05-04 07:00,114.82399760840057,5.224596603066041
Procyon_B,9,1997-05-04 09:00 BST,1997-05-04 08:00,114.82400282476593,5.2245965704451605
Procyon_B,10,1997-05-04 10:00 BST,1997-05-04 09:00,114.82401062932423,5.224596783501904
Procyon_B,11,1997-05-04 11:00 BST,1997-05-04 10:00,114.82402023130052,5.224597294963501
Procyon_B,12,1997-05-04 12:00 BST,1997-05-04 11:00,114.82403071683467,5.224598137151908
Procyon_B,13,1997-05-04 13:00 BST,1997-05-04 12:00,114.82404111159842,5.224599319769052
Procyon_B,14,1997-05-04 14:00 BST,1997-05-04 13:00,114.82405044755708,5.224600829232082
Procyon_B,15,1997-05-04 15:00 BST,1997-05-04 14:00,114.82405782929877,5.224602629603967
Procyon_B,16,1997-05-04 16:00 BST,1997-05-04 15:00,114.82406249538754,5.224604665055722
Procyon_B,17,1997-05-04 17:00 BST,1997-05-04 16:00,114.82406387053788,5.22460686369178
Procyon_B,18,1997-05-04 18:00 BST,1997-05-04 17:00,114.82406160503314,5.224609142476141
Procyon_B,19,1997-05-04 19:00 BST,1997-05-04 18:00,114.82405559868893,5.224611412921781
Procyon_B,20,1997-05-04 20:00 BST,1997-05-04 19:00,114.82404600771807,5.22461358715387
Procyon_B,21,1997-05-04 21:00 BST,1997-05-04 20:00,114.82403323402797,5.224615583930792
Procyon_B,22,1997-05-04 22:00 BST,1997-05-04 21:00,114.82401789768262,5.224617334210822
Procyon_B,23,1997-05-04 23:00 BST,1997-05-04 22:00,114.82400079441567,5.2246187858829325
Procyon_B,24,1997-05-05 00:00 BST,1997-05-04 23:00,114.82398284110735,5.224619907337397
Regulus_B,0,1997-05-04 00:00 BST,1997-05-03 23:00,152.09478437092275,11.966677121150633
Regulus_B,1,1997-05-04 01:00 BST,1997-05-04 00:00,152.09476791071032,11.966679917169424
Regulus_B,2,1997-05-04 02:00 BST,1997-05-04 01:00,152.09475006429923,11.96668199275492
Regulus_B,3,1997-05-04 03:00 BST,1997-05-04 02:00,152.0947318004341,11.966683299487249
Regulus_B,4,1997-05-04 04:00 BST,1997-05-04 03:00,152.09471411640342,11.966683841647477
Regulus_B,5,1997-05-04 05:00 BST,1997-05-04 04:00,152.094697969704,11.966683675924216
Regulus_B,6,1997-05-04 06:00 BST,1997-05-04 05:00,152.094684212434,11.966682907529131
Regulus_B,7,1997-05-04 07:00 BST,1997-05-04 06:00,152.09467353290773,11.966681682987655
Regulus_B,8,1997-05-04 08:00 BST,1997-05-04 07:00,152.0946664084919,11.966680180098805
Regulus_B,9,1997-05-04 09:00 BST,1997-05-04 08:00,152.0946630728972,11.966678595752198
Regulus_B,10,1997-05-04 10:00 BST,1997-05-04 09:00,152.09466350016555,11.966677132437079
Regulus_B,11,1997-05-04 11:00 BST,1997-05-04 10:00,152.09466740644882,11.966675984367619
Regulus_B,12,1997-05-04 12:00 BST,1997-05-04 11:00,152.094674269459,11.9666753241754
Regulus_B,13,1997-05-04 13:00 BST,1997-05-04 12:00,152.09468336425547,11.966675291080797
Regulus_B,14,1997-05-04 14:00 BST,1997-05-04 13:00,152.0946938129184,11.966675981353587
Regulus_B,15,1997-05-04 15:00 BST,1997-05-04 14:00,152.09470464470365,11.966677441716662
Regulus_B,16,1997-05-04 16:00 BST,1997-05-04 15:00,152.09471486255768,11.966679666144449
Regulus_B,17,1997-05-04 17:00 BST,1997-05-04 16:00,152.09472351143583,11.96668259627578
Regulus_B,18,1997-05-04 18:00 BST,1997-05-04 17:00,152.09472974374162,11.966686125412627
Regulus_B,19,1997-05-04 19:00 BST,1997-05-04 18:00,152.09473287740403,11.966690105830597
Regulus_B,20,1997-05-04 20:00 BST,1997-05-04 19:00,152.09473244261335,11.966694358901064
Regulus_B,21,1997-05-04 21:00 BST,1997-05-04 20:00,152.0947282140127,11.96669868733033
Regulus_B,22,1997-05-04 22:00 BST,1997-05-04 21:00,152.09472022614068,11.966702888678011
Regulus_B,23,1997-05-04 23:00 BST,1997-05-04 22:00,152.09470877106492,11.966706769228331
Regulus_B,24,1997-05-05 00:00 BST,1997-05-04 23:00,152.09469437837026,11.966710157263368
Alkaid_B,0,1997-05-04 00:00 BST,1997-05-03 23:00,206.89324642095846,49.3134973015828
Alkaid_B,1,1997-05-04 01:00 BST,1997-05-04 00:00,206.89324254314388,49.313511606962784
Alkaid_B,2,1997-05-04 02:00 BST,1997-05-04 01:00,206.8932331099061,49.31352523352948
Alkaid_B,3,1997-05-04 03:00 BST,1997-05-04 02:00,206.89321866754855,49.31353749225709
Alkaid_B,4,1997-05-04 04:00 BST,1997-05-04 03:00,206.89320010531006,49.31354778783549
Alkaid_B,5,1997-05-04 05:00 BST,1997-05-04 04:00,206.89317859443426,49.313555659462175
Alkaid_B,6,1997-05-04 06:00 BST,1997-05-04 05:00,206.8931555079158,49.313560812416064
Alkaid_B,7,1997-05-04 07:00 BST,1997-05-04 06:00,206.89313232642294,49.31356313825189
Alkaid_B,8,1997-05-04 08:00 BST,1997-05-04 07:00,206.89311053683974,49.31356272223118
Alkaid_B,9,1997-05-04 09:00 BST,1997-05-04 08:00,206.8930915303841,49.31355983747942
Alkaid_B,10,1997-05-04 10:00 BST,1997-05-04 09:00,206.89307650728162,49.313554926271
Alkaid_B,11,1997-05-04 11:00 BST,1997-05-04 10:00,206.89306639452414,49.3135485697237
Alkaid_B,12,1997-05-04 12:00 BST,1997-05-04 11:00,206.89306178235387,49.313541447979695
Alkaid_B,13,1997-05-04 13:00 BST,1997-05-04 12:00,206.8930628838207,49.31353429360187
Alkaid_B,14,1997-05-04 14:00 BST,1997-05-04 13:00,206.89306952018487,49.313527841377805
Alkaid_B,15,1997-05-04 15:00 BST,1997-05-04 14:00,206.89308113316596,49.31352277797238
Alkaid_B,16,1997-05-04 16:00 BST,1997-05-04 15:00,206.8930968231965,49.31351969487776
Alkaid_B,17,1997-05-04 17:00 BST,1997-05-04 16:00,206.89311541106113,49.313519047884476
Alkaid_B,18,1997-05-04 18:00 BST,1997-05-04 17:00,206.893135518696,49.31352112585119
Alkaid_B,19,1997-05-04 19:00 BST,1997-05-04 18:00,206.89315566361142,49.31352603091217
Alkaid_B,20,1997-05-04 20:00 BST,1997-05-04 19:00,206.89317436047244,49.31353367147907
Alkaid_B,21,1997-05-04 21:00 BST,1997-05-04 20:00,206.89319022287086,49.31354376851598
Alkaid_B,22,1997-05-04 22:00 BST,1997-05-04 21:00,206.8932020583216,49.31355587465804
Alkaid_B,23,1997-05-04 23:00 BST,1997-05-04 22:00,206.8932089499716,49.31356940486441
Alkaid_B,24,1997-05-05 00:00 BST,1997-05-04 23:00,206.8932103194224,49.31358367650414
Algorab_B,0,1997-05-04 00:00 BST,1997-05-03 23:00,187.47073571245852,-16.51784975202103
Algorab_B,1,1997-05-04 01:00 BST,1997-05-04 00:00,187.4707270074196,-16.517853260211922
Algorab_B,2,1997-05-04 02:00 BST,1997-05-04 01:00,187.4707150503803,-16.517856185712866
Algorab_B,3,1997-05-04 03:00 BST,1997-05-04 02:00,187.47070050679798,-16.517858318764826
Algorab_B,4,1997-05-04 04:00 BST,1997-05-04 03:00,187.47068421919536,-16.51785950381563
Algorab_B,5,1997-05-04 05:00 BST,1997-05-04 04:00,187.47066714942974,-16.517859650178647
Algorab_B,6,1997-05-04 06:00 BST,1997-05-04 05:00,187.47065031278706,-16.51785873824674
Algorab_B,7,1997-05-04 07:00 BST,1997-05-04 06:00,187.47063470841462,-16.51785682083566
Algorab_B,8,1997-05-04 08:00 BST,1997-05-04 07:00,187.47062125085844,-16.51785401956507
Algorab_B,9,1997-05-04 09:00 BST,1997-05-04 08:00,187.47061070739912,-16.517850516524916
Algorab_B,10,1997-05-04 10:00 BST,1997-05-04 09:00,187.470603645478,-16.51784654179859
Algorab_B,11,1997-05-04 11:00 BST,1997-05-04 10:00,187.4706003938159,-16.517842357697187
Algorab_B,12,1997-05-04 12:00 BST,1997-05-04 11:00,187.47060101989004,-16.517838240785924
Algorab_B,13,1997-05-04 13:00 BST,1997-05-04 12:00,187.47060532531083,-16.51783446293401
Algorab_B,14,1997-05-04 14:00 BST,1997-05-04 13:00,187.47061285941618,-16.51783127268595
Algorab_B,15,1997-05-04 15:00 BST,1997-05-04 14:00,187.47062295015098,-16.51782887823164
Algorab_B,16,1997-05-04 16:00 BST,1997-05-04 15:00,187.4706347501163,-16.517827433141377
Algorab_B,17,1997-05-04 17:00 BST,1997-05-04 16:00,187.47064729463332,-16.51782702584329
Algorab_B,18,1997-05-04 18:00 BST,1997-05-04 17:00,187.4706595678428,-16.51782767356445
Algorab_B,19,1997-05-04 19:00 BST,1997-05-04 18:00,187.47067057231058,-16.517829321150376
Algorab_B,20,1997-05-04 20:00 BST,1997-05-04 19:00,187.47067939737258,-16.5178318448442
Algorab_B,21,1997-05-04 21:00 BST,1997-05-04 20:00,187.47068528153207,-16.51783506076615
Algorab_B,22,1997-05-04 22:00 BST,1997-05-04 21:00,187.47068766463823,-16.517838737512765
Algorab_B,23,1997-05-04 23:00 BST,1997-05-04 22:00,187.47068622626776,-16.517842612012526
Algorab_B,24,1997-05-05 00:00 BST,1997-05-04 23:00,187.4706809076804,-16.517846407551296
Spica_B,0,1997-05-04 00:00 BST,1997-05-03 23:00,201.30337189060666,-11.163334735546513
Spica_B,1,1997-05-04 01:00 BST,1997-05-04 00:00,201.30336755272035,-11.16333705679533
Spica_B,2,1997-05-04 02:00 BST,1997-05-04 01:00,201.30335962979456,-11.163339136998003
Spica_B,3,1997-05-04 03:00 BST,1997-05-04 02:00,201.30334857332826,-11.163340807993245
Spica_B,4,1997-05-04 04:00 BST,1997-05-04 03:00,201.30333504934467,-11.163341929584464
Spica_B,5,1997-05-04 05:00 BST,1997-05-04 04:00,201.30331989275456,-11.163342399146247
Spica_B,6,1997-05-04 06:00 BST,1997-05-04 05:00,201.3033040501486,-11.16334215865631
Spica_B,7,1997-05-04 07:00 BST,1997-05-04 06:00,201.30328851493726,-11.163341198671272
Spica_B,8,1997-05-04 08:00 BST,1997-05-04 07:00,201.30327425928115,-11.163339558973737
Spica_B,9,1997-05-04 09:00 BST,1997-05-04 08:00,201.3032621674788,-11.16333732584627
Spica_B,10,1997-05-04 10:00 BST,1997-05-04 09:00,201.30325297537487,-11.163334626159333
Spica_B,11,1997-05-04 11:00 BST,1997-05-04 10:00,201.30324721993935,-11.163331618677859
Spica_B,12,1997-05-04 12:00 BST,1997-05-04 11:00,201.30324520247504,-11.163328483182582
Spica_B,13,1997-05-04 13:00 BST,1997-05-04 12:00,201.3032469679727,-11.163325408151552
Spica_B,14,1997-05-04 14:00 BST,1997-05-04 13:00,201.30325230202857,-11.163322577845394
Spica_B,15,1997-05-04 15:00 BST,1997-05-04 14:00,201.30326074553568,-11.163320159681957
Spica_B,16,1997-05-04 16:00 BST,1997-05-04 15:00,201.3032716261419,-11.163318292765046
Spica_B,17,1997-05-04 17:00 BST,1997-05-04 16:00,201.30328410431989,-11.16331707835301
Spica_B,18,1997-05-04 18:00 BST,1997-05-04 17:00,201.30329723089093,-11.163316572920747
Spica_B,19,1997-05-04 19:00 BST,1997-05-04 18:00,201.303310012062,-11.163316784290139
Spica_B,20,1997-05-04 20:00 BST,1997-05-04 19:00,201.3033214775209,-11.16331767109406
Spica_B,21,1997-05-04 21:00 BST,1997-05-04 20:00,201.30333074692047,-11.163319145610748
Spica_B,22,1997-05-04 22:00 BST,1997-05-04 21:00,201.30333709020042,-11.163321079774427
Spica_B,23,1997-05-04 23:00 BST,1997-05-04 22:00,201.30333997761107,-11.16332331395021
Spica_B,24,1997-05-05 00:00 BST,1997-05-04 23:00,201.30333911601153,-11.163325667872126
Arcturus_B,0,1997-05-04 00:00 BST,1997-05-03 23:00,213.9218235553528,19.18269187583339
Arcturus_B,1,1997-05-04 01:00 BST,1997-05-04 00:00,213.9218231753929,19.182698803498038
Arcturus_B,2,1997-05-04 02:00 BST,1997-05-04 01:00,213.9218188736671,19.18270558499124
Arcturus_B,3,1997-05-04 03:00 BST,1997-05-04 02:00,213.9218109067428,19.182711909550715
Arcturus_B,4,1997-05-04 04:00 BST,1997-05-04 03:00,213.92179978211965,19.18271749776649
Arcturus_B,5,1997-05-04 05:00 BST,1997-05-04 04:00,213.92178622345557,19.18272212072654
Arcturus_B,6,1997-05-04 06:00 BST,1997-05-04 05:00,213.92177112098173,19.182725615701635
Arcturus_B,7,1997-05-04 07:00 BST,1997-05-04 06:00,213.92175547050456,19.182727897295567
Arcturus_B,8,1997-05-04 08:00 BST,1997-05-04 07:00,213.92174030517162,19.182728963296675
Arcturus_B,9,1997-05-04 09:00 BST,1997-05-04 08:00,213.9217266246807,19.18272889482907
Arcturus_B,10,1997-05-04 10:00 BST,1997-05-04 09:00,213.9217153267803,19.182727850793803
Arcturus_B,11,1997-05-04 11:00 BST,1997-05-04 10:00,213.92170714575514,19.182726056980705
Arcturus_B,12,1997-05-04 12:00 BST,1997-05-04 11:00,213.92170260211347,19.18272379059677
Arcturus_B,13,1997-05-04 13:00 BST,1997-05-04 12:00,213.92170196692203,19.182721361271817
Arcturus_B,14,1997-05-04 14:00 BST,1997-05-04 13:00,213.92170524323274,19.1827190898422
Arcturus_B,15,1997-05-04 15:00 BST,1997-05-04 14:00,213.92171216587408,19.182717286367126
Arcturus_B,16,1997-05-04 16:00 BST,1997-05-04 15:00,213.92172221962085,19.18271622888339
Arcturus_B,17,1997-05-04 17:00 BST,1997-05-04 16:00,213.92173467449766,19.182716144354305
Arcturus_B,18,1997-05-04 18:00 BST,1997-05-04 17:00,213.92174863579675,19.182717193118357
Arcturus_B,19,1997-05-04 19:00 BST,1997-05-04 18:00,213.92176310538235,19.182719457902802
Arcturus_B,20,1997-05-04 20:00 BST,1997-05-04 19:00,213.92177705008356,19.182722938155205
Arcturus_B,21,1997-05-04 21:00 BST,1997-05-04 20:00,213.92178947248533,19.18272755008111
Arcturus_B,22,1997-05-04 22:00 BST,1997-05-04 21:00,213.92179947927153,19.18273313238522
Arcturus_B,23,1997-05-04 23:00 BST,1997-05-04 22:00,213.9218063424347,19.182739457323144
Arcturus_B,24,1997-05-05 00:00 BST,1997-05-04 23:00,213.92180954915872,19.182746246305943
Alphecca_B,0,1997-05-04 00:00 BST,1997-05-03 23:00,233.67789199283447,26.71292587622993
Alphecca_B,1,1997-05-04 01:00 BST,1997-05-04 00:00,233.67789850934196,26.712934562718086
Alphecca_B,2,1997-05-04 02:00 BST,1997-05-04 01:00,233.6779009547496,26.712943623763937
Alphecca_B,3,1997-05-04 03:00 BST,1997-05-04 02:00,233.67789922667308,26.71295262249458
Alphecca_B,4,1997-05-04 04:00 BST,1997-05-04 03:00,233.6778935084741,26.712961126373177
Alphecca_B,5,1997-05-04 05:00 BST,1997-05-04 04:00,233.67788425669693,26.712968736836977
Alphecca_B,6,1997-05-04 06:00 BST,1997-05-04 05:00,233.67787216978553,26.71297511660657
Alphecca_B,7,1997-05-04 07:00 BST,1997-05-04 06:00,233.67785814022764,26.712980012796102
Alphecca_B,8,1997-05-04 08:00 BST,1997-05-04 07:00,233.67784319339978,26.712983274241616
Alphecca_B,9,1997-05-04 09:00 BST,1997-05-04 08:00,233.6778284173087,26.712984861858555
Alphecca_B,10,1997-05-04 10:00 BST,1997-05-04 09:00,233.67781488804107,26.712984851319767
Alphecca_B,11,1997-05-04 11:00 BST,1997-05-04 10:00,233.67780359602858,26.71298342787015
Alphecca_B,12,1997-05-04 12:00 BST,1997-05-04 11:00,233.6777953781835,26.71298087363327
Alphecca_B,13,1997-05-04 13:00 BST,1997-05-04 12:00,233.6777908605539,26.712977548279923
Alphecca_B,14,1997-05-04 14:00 BST,1997-05-04 13:00,233.67779041542587,26.712973864382896
Alphecca_B,15,1997-05-04 15:00 BST,1997-05-04 14:00,233.6777941358156,26.712970259147212
Alphecca_B,16,1997-05-04 16:00 BST,1997-05-04 15:00,233.6778018290958,26.712967164452817
Alphecca_B,17,1997-05-04 17:00 BST,1997-05-04 16:00,233.67781303019513,26.71296497726195
Alphecca_B,18,1997-05-04 18:00 BST,1997-05-04 17:00,233.67782703346492,26.71296403241951
Alphecca_B,19,1997-05-04 19:00 BST,1997-05-04 18:00,233.67784294102964,26.71296457970972
Alphecca_B,20,1997-05-04 20:00 BST,1997-05-04 19:00,233.67785972430974,26.71296676674093
Alphecca_B,21,1997-05-04 21:00 BST,1997-05-04 20:00,233.6778762944981,26.712970628831723
Alphecca_B,22,1997-05-04 22:00 BST,1997-05-04 21:00,233.67789157716481,26.712976086590434
Alphecca_B,23,1997-05-04 23:00 BST,1997-05-04 22:00,233.67790458587666,26.71298295135503
Alphecca_B,24,1997-05-05 00:00 BST,1997-05-04 23:00,233.67791448978645,26.712990938119706
Antares_B,0,1997-05-04 00:00 BST,1997-05-03 23:00,247.35755833403553,-26.432536066975103
Antares_B,1,1997-05-04 01:00 BST,1997-05-04 00:00,247.35756917706735,-26.432541873946317
Antares_B,2,1997-05-04 02:00 BST,1997-05-04 01:00,247.35757629414127,-26.432548423685933
Antares_B,3,1997-05-04 03:00 BST,1997-05-04 02:00,247.35757932944472,-26.432555305802584
Antares_B,4,1997-05-04 04:00 BST,1997-05-04 03:00,247.35757820664102,-26.43256208711032
Antares_B,5,1997-05-04 05:00 BST,1997-05-04 04:00,247.35757313410127,-26.43256834131088
Antares_B,6,1997-05-04 06:00 BST,1997-05-04 05:00,247.35756459062608,-26.432573678203397
Antares_B,7,1997-05-04 07:00 BST,1997-05-04 06:00,247.35755329263924,-26.432577770420977
Antares_B,8,1997-05-04 08:00 BST,1997-05-04 07:00,247.35754014509763,-26.432580375862432
Antares_B,9,1997-05-04 09:00 BST,1997-05-04 08:00,247.35752617948336,-26.432581354281048
Antares_B,10,1997-05-04 10:00 BST,1997-05-04 09:00,247.35751248312678,-26.432580676894435
Antares_B,11,1997-05-04 11:00 BST,1997-05-04 10:00,247.35750012470098,-26.432578428356777
Antares_B,12,1997-05-04 12:00 BST,1997-05-04 11:00,247.35749008099629,-26.432574800958047
Antares_B,13,1997-05-04 13:00 BST,1997-05-04 12:00,247.35748316999045,-26.43257008144823
Antares_B,14,1997-05-04 14:00 BST,1997-05-04 13:00,247.35747999479975,-26.43256463138862
Antares_B,15,1997-05-04 15:00 BST,1997-05-04 14:00,247.3574809023545,-26.432558862377444
Antares_B,16,1997-05-04 16:00 BST,1997-05-04 15:00,247.35748595962673,-26.43255320784717
Antares_B,17,1997-05-04 17:00 BST,1997-05-04 16:00,247.3574949490422,-26.432548093365305
Antares_B,18,1997-05-04 18:00 BST,1997-05-04 17:00,247.35750738338865,-26.43254390747485
Antares_B,19,1997-05-04 19:00 BST,1997-05-04 18:00,247.35752253919918,-26.432540975071696
Antares_B,20,1997-05-04 20:00 BST,1997-05-04 19:00,247.3575395063247,-26.43253953514276
Antares_B,21,1997-05-04 21:00 BST,1997-05-04 20:00,247.35755725029608,-26.43253972439117
Antares_B,22,1997-05-04 22:00 BST,1997-05-04 21:00,247.35757468320514,-26.432541567869258
Antares_B,23,1997-05-04 23:00 BST,1997-05-04 22:00,247.35759073824792,-26.432544977262133
Antares_B,24,1997-05-05 00:00 BST,1997-05-04 23:00,247.35760444282081,-26.432549756938744
Vega_B,0,1997-05-04 00:00 BST,1997-05-03 23:00,279.238674891325,38.77943854448379
Vega_B,1,1997-05-04 01:00 BST,1997-05-04 00:00,279.2386958016337,38.77944433905117
Vega_B,2,1997-05-04 02:00 BST,1997-05-04 01:00,279.2387142084194,38.77945212523636
Vega_B,3,1997-05-04 03:00 BST,1997-05-04 02:00,279.2387291397686,38.77946151778821
Vega_B,4,1997-05-04 04:00 BST,1997-05-04 03:00,279.2387398617521,38.779472021535014
Vega_B,5,1997-05-04 05:00 BST,1997-05-04 04:00,279.23874592871516,38.779483065313805
Vega_B,6,1997-05-04 06:00 BST,1997-05-04 05:00,279.23874721381327,38.77949404110564
Vega_B,7,1997-05-04 07:00 BST,1997-05-04 06:00,279.2387439177037,38.77950434569639
Vega_B,8,1997-05-04 08:00 BST,1997-05-04 07:00,279.2387365547975,38.779513422009565
Vega_B,9,1997-05-04 09:00 BST,1997-05-04 08:00,279.2387259180118,38.779520797277016
Vega_B,10,1997-05-04 10:00 BST,1997-05-04 09:00,279.2387130244396,38.77952611543314
Vega_B,11,1997-05-04 11:00 BST,1997-05-04 10:00,279.2386990456574,38.77952916151319
Vega_B,12,1997-05-04 12:00 BST,1997-05-04 11:00,279.2386852274485,38.77952987638251
Vega_B,13,1997-05-04 13:00 BST,1997-05-04 12:00,279.23867280444085,38.77952836078856
Vega_B,14,1997-05-04 14:00 BST,1997-05-04 13:00,279.23866291550905,38.779524868457464
Vega_B,15,1997-05-04 15:00 BST,1997-05-04 14:00,279.2386565257383,38.77951978870826
Vega_B,16,1997-05-04 16:00 BST,1997-05-04 15:00,279.2386543602959,38.77951361977633
Vega_B,17,1997-05-04 17:00 BST,1997-05-04 16:00,279.23865685474345,38.77950693467381
Vega_B,18,1997-05-04 18:00 BST,1997-05-04 17:00,279.23866412519175,38.779500341926415
Vega_B,19,1997-05-04 19:00 BST,1997-05-04 18:00,279.23867596034563,38.77949444387744
Vega_B,20,1997-05-04 20:00 BST,1997-05-04 19:00,279.23869183598237,38.77948979541489
Vega_B,21,1997-05-04 21:00 BST,1997-05-04 20:00,279.23871095087117,38.77948686595144
Vega_B,22,1997-05-04 22:00 BST,1997-05-04 21:00,279.238732281673,38.779486007260225
Vega_B,23,1997-05-04 23:00 BST,1997-05-04 22:00,279.2387546530597,38.77948742937189
Vega_B,24,1997-05-05 00:00 BST,1997-05-04 23:00,279.2387768182456,38.779491186183606
Deneb Algedi_B,0,1997-05-04 00:00 BST,1997-05-03 23:00,326.7588482056918,-16.127166117782927
Deneb Algedi_B,1,1997-05-04 01:00 BST,1997-05-04 00:00,326.75886569695524,-16.12716319418872
Deneb Algedi_B,2,1997-05-04 02:00 BST,1997-05-04 01:00,326.75888425721706,-16.127161266547276
Deneb Algedi_B,3,1997-05-04 03:00 BST,1997-05-04 02:00,326.7589028818138,-16.127160374898317
Deneb Algedi_B,4,1997-05-04 04:00 BST,1997-05-04 03:00,326.75892056171637,-16.12716048829295
Deneb Algedi_B,5,1997-05-04 05:00 BST,1997-05-04 04:00,326.7589363526684,-16.127161506914273
Deneb Algedi_B,6,1997-05-04 06:00 BST,1997-05-04 05:00,326.758949439886,-16.127163268916824
Deneb Algedi_B,7,1997-05-04 07:00 BST,1997-05-04 06:00,326.7589591938855,-16.127165561516076
Deneb Algedi_B,8,1997-05-04 08:00 BST,1997-05-04 07:00,326.7589652136163,-16.12716813556835
Deneb Algedi_B,9,1997-05-04 09:00 BST,1997-05-04 08:00,326.75896735394025,-16.127170722642095
Deneb Algedi_B,10,1997-05-04 10:00 BST,1997-05-04 09:00,326.7589657355768,-16.127173053410633
Deneb Algedi_B,11,1997-05-04 11:00 BST,1997-05-04 10:00,326.75896073683134,-16.127174876106768
Deneb Algedi_B,12,1997-05-04 12:00 BST,1997-05-04 11:00,326.75895296767374,-16.1271759737739
Deneb Algedi_B,13,1997-05-04 13:00 BST,1997-05-04 12:00,326.7589432279436,-16.127176179132185
Deneb Algedi_B,14,1997-05-04 14:00 BST,1997-05-04 13:00,326.7589324525442,-16.127175386040854
Deneb Algedi_B,15,1997-05-04 15:00 BST,1997-05-04 14:00,326.75892164738286,-16.127173556771076
Deneb Algedi_B,16,1997-05-04 16:00 BST,1997-05-04 15:00,326.75891182044626,-16.12717072459147
Deneb Algedi_B,17,1997-05-04 17:00 BST,1997-05-04 16:00,326.75890391273134,-16.127166991488384
Deneb Algedi_B,18,1997-05-04 18:00 BST,1997-05-04 17:00,326.75889873376894,-16.12716252117781
Deneb Algedi_B,19,1997-05-04 19:00 BST,1997-05-04 18:00,326.7588969061537,-16.127157527887668
Deneb Algedi_B,20,1997-05-04 20:00 BST,1997-05-04 19:00,326.7588988228842,-16.127152261678518
Deneb Algedi_B,21,1997-05-04 21:00 BST,1997-05-04 20:00,326.75890462043463,-16.127146991309658
Deneb Algedi_B,22,1997-05-04 22:00 BST,1997-05-04 21:00,326.7589141694036,-16.12714198582385
Deneb Algedi_B,23,1997-05-04 23:00 BST,1997-05-04 22:00,326.758927083381,-16.127137496112415
Deneb Algedi_B,24,1997-05-05 00:00 BST,1997-05-04 23:00,326.7589427454248,-16.127133737724687
Fomalhaut_B,0,1997-05-04 00:00 BST,1997-05-03 23:00,344.40936499439715,-29.62118968078886
Fomalhaut_B,1,1997-05-04 01:00 BST,1997-05-04 00:00,344.40938107646343,-29.62118303943588
Fomalhaut_B,2,1997-05-04 02:00 BST,1997-05-04 01:00,344.4093995351551,-29.621177933181905
Fomalhaut_B,3,1997-05-04 03:00 BST,1997-05-04 02:00,344.4094193625921,-29.62117457443234
Fomalhaut_B,4,1997-05-04 04:00 BST,1997-05-04 03:00,344.40943945722114,-29.6211730558889
Fomalhaut_B,5,1997-05-04 05:00 BST,1997-05-04 04:00,344.4094586992946,-29.621173344197633
Fomalhaut_B,6,1997-05-04 06:00 BST,1997-05-04 05:00,344.40947602759366,-29.62117528223475
Fomalhaut_B,7,1997-05-04 07:00 BST,1997-05-04 06:00,344.40949051214193,-29.621178599872444
Fomalhaut_B,8,1997-05-04 08:00 BST,1997-05-04 07:00,344.4095014179278,-29.62118293248802
Fomalhaut_B,9,1997-05-04 09:00 BST,1997-05-04 08:00,344.40950825526636,-29.621187845947595
Fomalhaut_B,10,1997-05-04 10:00 BST,1997-05-04 09:00,344.4095108133529,-29.621192866352494
Fomalhaut_B,11,1997-05-04 11:00 BST,1997-05-04 10:00,344.4095091747075,-29.621197512511173
Fomalhaut_B,12,1997-05-04 12:00 BST,1997-05-04 11:00,344.40950370952106,-29.62120132891029
Fomalhaut_B,13,1997-05-04 13:00 BST,1997-05-04 12:00,344.4094950502904,-29.62120391692681
Fomalhaut_B,14,1997-05-04 14:00 BST,1997-05-04 13:00,344.40948404847893,-29.62120496214228
Fomalhaut_B,15,1997-05-04 15:00 BST,1997-05-04 14:00,344.40947171617466,-29.62120425588699
Fomalhaut_B,16,1997-05-04 16:00 BST,1997-05-04 15:00,344.40945915674183,-29.62120170953863
Fomalhaut_B,17,1997-05-04 17:00 BST,1997-05-04 16:00,344.4094474892168,-29.621197360594834
Fomalhaut_B,18,1997-05-04 18:00 BST,1997-05-04 17:00,344.4094377716316,-29.621191370103915
Fomalhaut_B,19,1997-05-04 19:00 BST,1997-05-04 18:00,344.4094309285171,-29.621184011629992
Fomalhaut_B,20,1997-05-04 20:00 BST,1997-05-04 19:00,344.4094276875536,-29.621175652507922
Fomalhaut_B,21,1997-05-04 21:00 BST,1997-05-04 20:00,344.4094285297103,-29.621166728673646
Fomalhaut_B,22,1997-05-04 22:00 BST,1997-05-04 21:00,344.40943365628914,-29.621157714793867
Fomalhaut_B,23,1997-05-04 23:00 BST,1997-05-04 22:00,344.4094429751324,-29.621149091741557
Fomalhaut_B,24,1997-05-05 00:00 BST,1997-05-04 23:00,344.4094561069375,-29.62114131364721
Rigel_B,0,1997-05-04 00:00 BST,1997-05-03 23:00,78.62988728841223,-8.203707417954984
Rigel_B,1,1997-05-04 01:00 BST,1997-05-04 00:00,78.62987465134742,-8.203704462106483
Rigel_B,2,1997-05-04 02:00 BST,1997-05-04 01:00,78.62986499053886,-8.203701179410634
Rigel_B,3,1997-05-04 03:00 BST,1997-05-04 02:00,78.62985880392053,-8.203697690201386
Rigel_B,4,1997-05-04 04:00 BST,1997-05-04 03:00,78.62985635154199,-8.203694128888017
Rigel_B,5,1997-05-04 05:00 BST,1997-05-04 04:00,78.6298576377499,-8.203690634745225
Rigel_B,6,1997-05-04 06:00 BST,1997-05-04 05:00,78.62986241089119,-8.203687342370227
Rigel_B,7,1997-05-04 07:00 BST,1997-05-04 06:00,78.62987018055668,-8.203684372460415
Rigel_B,8,1997-05-04 08:00 BST,1997-05-04 07:00,78.62988025118445,-8.203681823543146
Rigel_B,9,1997-05-04 09:00 BST,1997-05-04 08:00,78.62989176972006,-8.203679765224972
Rigel_B,10,1997-05-04 10:00 BST,1997-05-04 09:00,78.62990378406727,-8.203678233422439
Rigel_B,11,1997-05-04 11:00 BST,1997-05-04 10:00,78.62991530832616,-8.203677227901098
Rigel_B,12,1997-05-04 12:00 BST,1997-05-04 11:00,78.62992539034654,-8.203676712291747
Rigel_B,13,1997-05-04 13:00 BST,1997-05-04 12:00,78.62993317696856,-8.20367661658249
Rigel_B,14,1997-05-04 14:00 BST,1997-05-04 13:00,78.62993797248205,-8.20367684191589
Rigel_B,15,1997-05-04 15:00 BST,1997-05-04 14:00,78.6299392862961,-8.203677267362707
Rigel_B,16,1997-05-04 16:00 BST,1997-05-04 15:00,78.62993686655496,-8.203677758207899
Rigel_B,17,1997-05-04 17:00 BST,1997-05-04 16:00,78.62993071739565,-8.20367817518137
Rigel_B,18,1997-05-04 18:00 BST,1997-05-04 17:00,78.62992109866508,-8.203678384000783
Rigel_B,19,1997-05-04 19:00 BST,1997-05-04 18:00,78.62990850811626,-8.203678264572732
Rigel_B,20,1997-05-04 20:00 BST,1997-05-04 19:00,78.62989364730204,-8.203677719221682
Rigel_B,21,1997-05-04 21:00 BST,1997-05-04 20:00,78.62987737350579,-8.203676679382848
Rigel_B,22,1997-05-04 22:00 BST,1997-05-04 21:00,78.62986064100035,-8.203675110300503
Rigel_B,23,1997-05-04 23:00 BST,1997-05-04 22:00,78.62984443566063,-8.203673013409476
Rigel_B,24,1997-05-05 00:00 BST,1997-05-04 23:00,78.62982970741197,-8.203670426236929
Betelgeuse_B,0,1997-05-04 00:00 BST,1997-05-03 23:00,88.78895580104165,7.4059030863971484
Betelgeuse_B,1,1997-05-04 01:00 BST,1997-05-04 00:00,88.7889410632259,7.405902806307004
Betelgeuse_B,2,1997-05-04 02:00 BST,1997-05-04 01:00,88.78892884227781,7.405902169003723
Betelgeuse_B,3,1997-05-04 03:00 BST,1997-05-04 02:00,88.78891977719518,7.405901269985763
Betelgeuse_B,4,1997-05-04 04:00 BST,1997-05-04 03:00,88.78891429088053,7.405900222725407
Betelgeuse_B,5,1997-05-04 05:00 BST,1997-05-04 04:00,88.78891256116364,7.405899150893452
Betelgeuse_B,6,1997-05-04 06:00 BST,1997-05-04 05:00,88.78891450861788,7.405898179885268
Betelgeuse_B,7,1997-05-04 07:00 BST,1997-05-04 06:00,88.7889198020028,7.405897428228728
Betelgeuse_B,8,1997-05-04 08:00 BST,1997-05-04 07:00,88.78892788096151,7.405896999462646
Betelgeuse_B,9,1997-05-04 09:00 BST,1997-05-04 08:00,88.78893799441678,7.405896975042398
Betelgeuse_B,10,1997-05-04 10:00 BST,1997-05-04 09:00,88.7889492520345,7.405897408758661
Betelgeuse_B,11,1997-05-04 11:00 BST,1997-05-04 10:00,88.78896068522992,7.4058983230516855
Betelgeuse_B,12,1997-05-04 12:00 BST,1997-05-04 11:00,88.78897131353474,7.4058997074737425
Betelgeuse_B,13,1997-05-04 13:00 BST,1997-05-04 12:00,88.78898021177804,7.405901519404853
Betelgeuse_B,14,1997-05-04 14:00 BST,1997-05-04 13:00,88.78898657347978,7.405903686973118
Betelgeuse_B,15,1997-05-04 15:00 BST,1997-05-04 14:00,88.78898976611016,7.405906113979192
Betelgeuse_B,16,1997-05-04 16:00 BST,1997-05-04 15:00,88.78898937443111,7.405908686487664
Betelgeuse_B,17,1997-05-04 17:00 BST,1997-05-04 16:00,88.78898522894887,7.405911280633929
Betelgeuse_B,18,1997-05-04 18:00 BST,1997-05-04 17:00,88.78897741752812,7.405913771111244
Betelgeuse_B,19,1997-05-04 19:00 BST,1997-05-04 18:00,88.78896627937252,7.4059160397566215
Betelgeuse_B,20,1997-05-04 20:00 BST,1997-05-04 19:00,88.7889523817825,7.405917983647553
Betelgeuse_B,21,1997-05-04 21:00 BST,1997-05-04 20:00,88.78893648128485,7.405919522154158
Betelgeuse_B,22,1997-05-04 22:00 BST,1997-05-04 21:00,88.78891947179582,7.4059206024640325
Betelgeuse_B,23,1997-05-04 23:00 BST,1997-05-04 22:00,88.78890232336943,7.40592120320102
Betelgeuse_B,24,1997-05-05 00:00 BST,1997-05-04 23:00,88.78888601572989,7.405921335889845
Polaris_B,0,1997-05-04 00:00 BST,1997-05-03 23:00,37.53096996670833,89.26340459887368
Polaris_B,1,1997-05-04 01:00 BST,1997-05-04 00:00,37.530905368109536,89.26338654073018
Polaris_B,2,1997-05-04 02:00 BST,1997-05-04 01:00,37.53113049370084,89.26336869400751
Polaris_B,3,1997-05-04 03:00 BST,1997-05-04 02:00,37.53163114500946,89.2633520172168
Polaris_B,4,1997-05-04 04:00 BST,1997-05-04 03:00,37.53237426528363,89.26333738868813
Polaris_B,5,1997-05-04 05:00 BST,1997-05-04 04:00,37.53331020747959,89.2633255464087
Polaris_B,6,1997-05-04 06:00 BST,1997-05-04 05:00,37.534376136850874,89.26331703748517
Polaris_B,7,1997-05-04 07:00 BST,1997-05-04 06:00,37.53550033481551,89.26331218068273
Polaris_B,8,1997-05-04 08:00 BST,1997-05-04 07:00,37.53660710978488,89.2633110446006
Polaris_B,9,1997-05-04 09:00 BST,1997-05-04 08:00,37.53762197916842,89.26331344297637
Polaris_B,10,1997-05-04 10:00 BST,1997-05-04 09:00,37.53847676876319,89.26331894743818
Polaris_B,11,1997-05-04 11:00 BST,1997-05-04 10:00,37.53911428131453,89.2633269168349
Polaris_B,12,1997-05-04 12:00 BST,1997-05-04 11:00,37.539492214879964,89.26333654113994
Polaris_B,13,1997-05-04 13:00 BST,1997-05-04 12:00,37.539586062835454,89.26334689692789
Polaris_B,14,1997-05-04 14:00 BST,1997-05-04 13:00,37.53939079636681,89.26335701063101
Polaris_B,15,1997-05-04 15:00 BST,1997-05-04 14:00,37.53892121316168,89.26336592524407
Polaris_B,16,1997-05-04 16:00 BST,1997-05-04 15:00,37.53821092736084,89.26337276590885
Polaris_B,17,1997-05-04 17:00 BST,1997-05-04 16:00,37.53731006878138,89.26337679988245
Polaris_B,18,1997-05-04 18:00 BST,1997-05-04 17:00,37.53628184845233,89.26337748677243
Polaris_B,19,1997-05-04 19:00 BST,1997-05-04 18:00,37.535198225649935,89.26337451559074
Polaris_B,20,1997-05-04 20:00 BST,1997-05-04 19:00,37.534134973631005,89.26336782607994
Polaris_B,21,1997-05-04 21:00 BST,1997-05-04 20:00,37.53316648339137,89.26335761284567
Polaris_B,22,1997-05-04 22:00 BST,1997-05-04 21:00,37.532360662383,89.26334431201187
Polaris_B,23,1997-05-04 23:00 BST,1997-05-04 22:00,37.531774278963496,89.26332857131501
Polaris_B,24,1997-05-05 00:00 BST,1997-05-04 23:00,37.53144907229834,89.26331120569378
Castor_B,0,1997-05-04 00:00 BST,1997-05-03 23:00,113.64728636586756,31.889672537585515
Castor_B,1,1997-05-04 01:00 BST,1997-05-04 00:00,113.64726546469947,31.88967160362319
Castor_B,2,1997-05-04 02:00 BST,1997-05-04 01:00,113.64724585793725,31.889668786410578
Castor_B,3,1997-05-04 03:00 BST,1997-05-04 02:00,113.64722859016216,31.88966430081811
Castor_B,4,1997-05-04 04:00 BST,1997-05-04 03:00,113.64721454577273,31.88965847598618
Castor_B,5,1997-05-04 05:00 BST,1997-05-04 04:00,113.64720438838484,31.88965173277192
Castor_B,6,1997-05-04 06:00 BST,1997-05-04 05:00,113.64719851536218,31.889644554911648
Castor_B,7,1997-05-04 07:00 BST,1997-05-04 06:00,113.64719703058974,31.88963745587535
Castor_B,8,1997-05-04 08:00 BST,1997-05-04 07:00,113.6471997373564,31.889630943683176
Castor_B,9,1997-05-04 09:00 BST,1997-05-04 08:00,113.64720615183474,31.889625486096254
Castor_B,10,1997-05-04 10:00 BST,1997-05-04 09:00,113.64721553623343,31.889621478566234
Castor_B,11,1997-05-04 11:00 BST,1997-05-04 10:00,113.64722694935138,31.88961921713885
Castor_B,12,1997-05-04 12:00 BST,1997-05-04 11:00,113.64723931106883,31.88961887816955
Castor_B,13,1997-05-04 13:00 BST,1997-05-04 12:00,113.6472514763565,31.88962050623974
Castor_B,14,1997-05-04 14:00 BST,1997-05-04 13:00,113.64726231373328,31.88962401110215
Castor_B,15,1997-05-04 15:00 BST,1997-05-04 14:00,113.64727078279462,31.889629173864428
Castor_B,16,1997-05-04 16:00 BST,1997-05-04 15:00,113.64727600550064,31.889635661987032
Castor_B,17,1997-05-04 17:00 BST,1997-05-04 16:00,113.64727732634013,31.889643052068813
Castor_B,18,1997-05-04 18:00 BST,1997-05-04 17:00,113.64727435724632,31.88965085885783
Castor_B,19,1997-05-04 19:00 BST,1997-05-04 18:00,113.64726700418825,31.88965856850019
Castor_B,20,1997-05-04 20:00 BST,1997-05-04 19:00,113.64725547361448,31.88966567374983
Castor_B,21,1997-05-04 21:00 BST,1997-05-04 20:00,113.64724025830854,31.889671708724396
Castor_B,22,1997-05-04 22:00 BST,1997-05-04 21:00,113.6472221036244,31.889676280828084
Castor_B,23,1997-05-04 23:00 BST,1997-05-04 22:00,113.64720195641469,31.889679097652703
Castor_B,24,1997-05-05 00:00 BST,1997-05-04 23:00,113.64718090015295,31.88967998701357
Altair_B,0,1997-05-04 00:00 BST,1997-05-03 23:00,297.69712084923947,8.865618627453628
Altair_B,1,1997-05-04 01:00 BST,1997-05-04 00:00,297.69713902233815,8.865620096622317
Altair_B,2,1997-05-04 02:00 BST,1997-05-04 01:00,297.69715634062254,8.865622126112147
Altair_B,3,1997-05-04 03:00 BST,1997-05-04 02:00,297.69717187969906,8.865624662835383
Altair_B,4,1997-05-04 04:00 BST,1997-05-04 03:00,297.69718483702337,8.86562761903679
Altair_B,5,1997-05-04 05:00 BST,1997-05-04 04:00,297.6971945868914,8.865630878306572
Altair_B,6,1997-05-04 06:00 BST,1997-05-04 05:00,297.69720072331125,8.865634303556538
Altair_B,7,1997-05-04 07:00 BST,1997-05-04 06:00,297.6972030878222,8.865637746413086
Altair_B,8,1997-05-04 08:00 BST,1997-05-04 07:00,297.69720178035226,8.865641057383884
Altair_B,9,1997-05-04 09:00 BST,1997-05-04 08:00,297.69719715237113,8.865644096100903
Altair_B,10,1997-05-04 10:00 BST,1997-05-04 09:00,297.6971897828078,8.865646740938331
Altair_B,11,1997-05-04 11:00 BST,1997-05-04 10:00,297.69718043838174,8.865648897346635
Altair_B,12,1997-05-04 12:00 BST,1997-05-04 11:00,297.6971700210674,8.86565050433099
Altair_B,13,1997-05-04 13:00 BST,1997-05-04 12:00,297.6971595062905,8.865651538630654
Altair_B,14,1997-05-04 14:00 BST,1997-05-04 13:00,297.697149876091,8.865652016312877
Altair_B,15,1997-05-04 15:00 BST,1997-05-04 14:00,297.6971420518332,8.865651991671827
Altair_B,16,1997-05-04 16:00 BST,1997-05-04 15:00,297.69713683107415,8.865651553508272
Altair_B,17,1997-05-04 17:00 BST,1997-05-04 16:00,297.6971348329135,8.865650819044802
Altair_B,18,1997-05-04 18:00 BST,1997-05-04 17:00,297.6971364555736,8.865649925893582
Altair_B,19,1997-05-04 19:00 BST,1997-05-04 18:00,297.69714184911294,8.86564902262711
Altair_B,20,1997-05-04 20:00 BST,1997-05-04 19:00,297.6971509051441,8.86564825859788
Altair_B,21,1997-05-04 21:00 BST,1997-05-04 20:00,297.6971632642608,8.86564777370484
Altair_B,22,1997-05-04 22:00 BST,1997-05-04 21:00,297.6971783406637,8.86564768880747
Altair_B,23,1997-05-04 23:00 BST,1997-05-04 22:00,297.69719536229985,8.865648097444572
Altair_B,24,1997-05-05 00:00 BST,1997-05-04 23:00,297.697213423763,8.865649059425074
Bellatrix_B,0,1997-05-04 00:00 BST,1997-05-03 23:00,81.27835288210201,6.348426515237586
Bellatrix_B,1,1997-05-04 01:00 BST,1997-05-04 00:00,81.27833970581568,6.348426230501117
Bellatrix_B,2,1997-05-04 02:00 BST,1997-05-04 01:00,81.27832938392979,6.348425678066097
Bellatrix_B,3,1997-05-04 03:00 BST,1997-05-04 02:00,81.27832245095274,6.348424948287785
Bellatrix_B,4,1997-05-04 04:00 BST,1997-05-04 03:00,81.27831920934642,6.348424143718775
Bellatrix_B,5,1997-05-04 05:00 BST,1997-05-04 04:00,81.27831970880139,6.348423372082003
Bellatrix_B,6,1997-05-04 06:00 BST,1997-05-04 05:00,81.27832374283328,6.348422738889529
Bellatrix_B,7,1997-05-04 07:00 BST,1997-05-04 06:00,81.27833086293131,6.3484223402129025
Bellatrix_B,8,1997-05-04 08:00 BST,1997-05-04 07:00,81.27834040929095,6.348422256100318
Bellatrix_B,9,1997-05-04 09:00 BST,1997-05-04 08:00,81.27835155602402,6.348422545091797
Bellatrix_B,10,1997-05-04 10:00 BST,1997-05-04 09:00,81.27836336774806,6.348423240208056
Bellatrix_B,11,1997-05-04 11:00 BST,1997-05-04 10:00,81.27837486367923,6.348424346687943
Bellatrix_B,12,1997-05-04 12:00 BST,1997-05-04 11:00,81.27838508483518,6.348425841629461
Bellatrix_B,13,1997-05-04 13:00 BST,1997-05-04 12:00,81.27839315974383,6.34842767555886
Bellatrix_B,14,1997-05-04 14:00 BST,1997-05-04 13:00,81.27839836415741,6.348429775820581
Bellatrix_B,15,1997-05-04 15:00 BST,1997-05-04 14:00,81.27840017067746,6.34843205155545
Bellatrix_B,16,1997-05-04 16:00 BST,1997-05-04 15:00,81.27839828489265,6.3484343999261315
Bellatrix_B,17,1997-05-04 17:00 BST,1997-05-04 16:00,81.27839266555245,6.348436713163631
Bellatrix_B,18,1997-05-04 18:00 BST,1997-05-04 17:00,81.27838352739401,6.348438885951461
Bellatrix_B,19,1997-05-04 19:00 BST,1997-05-04 18:00,81.27837132642946,6.348440822641874
Bellatrix_B,20,1997-05-04 20:00 BST,1997-05-04 19:00,81.27835672869973,6.348442443809809
Bellatrix_B,21,1997-05-04 21:00 BST,1997-05-04 20:00,81.27834056463846,6.348443691695005
Bellatrix_B,22,1997-05-04 22:00 BST,1997-05-04 21:00,81.27832377217078,6.348444534159804
Bellatrix_B,23,1997-05-04 23:00 BST,1997-05-04 22:00,81.27830733244623,6.348444966891268
Bellatrix_B,24,1997-05-05 00:00 BST,1997-05-04 23:00,81.2782922026107,6.348445013696611
