body_A,body_B,measurement_type,ra_A,ra_B,ra_diff,ra_midpoint,dec_A,dec_B,dec_diff,dec_midpoint,topo_dist_AU_A,topo_dist_AU_B,dist_AU,mid_x_AU,mid_y_AU,mid_z_AU,moon_involved,ra_lo,ra_hi,dec_lo,dec_hi
Aldebaran,Aldebaran,transit_self,68.9752867119401,68.9752867119401,0.0,68.9752867119401,16.508874704994305,16.508874704994305,0.0,16.508874704994305,,,,,,,False,68.97515128721528,68.9752867119401,16.508852598915837,16.50889068336486
Antares,Antares,transit_self,247.35705789849735,247.35705789849735,0.0,247.35705789849735,-26.43296144533973,-26.43296144533973,0.0,-26.43296144533973,,,,,,,False,247.35705789849735,247.35720324189904,-26.432990430804963,-26.432942219822056
Ceres,Ceres,transit_self,187.58385819098592,187.58385819098592,0.0,187.58385819098592,6.253855194098762,6.253855194098762,0.0,6.253855194098762,2.55112448354216,2.55112448354216,0.0,-2.3055869069433212,-1.1917172991681202,0.38808835731826546,False,187.46843082710194,187.69793847045088,6.166182157514057,6.341477213363011
Chiron,Chiron,transit_self,251.4930989345991,251.4930989345991,0.0,251.4930989345991,-16.843944326942495,-16.843944326942495,0.0,-16.843944326942495,9.237552079619823,9.237552079619823,0.0,-2.5989655690805353,-9.751841424096586,0.8790965428078366,False,251.46464577209582,251.5219408295848,-16.846667409519128,-16.84147549860174
Fomalhaut,Fomalhaut,transit_self,344.41563445871594,344.41563445871594,0.0,344.41563445871594,-29.61941897452925,-29.61941897452925,0.0,-29.61941897452925,,,,,,,False,344.4155974031724,344.41568919192974,-29.619419091825655,-29.619360939285357
Juno,Juno,transit_self,324.94159834219823,324.94159834219823,0.0,324.94159834219823,-1.4976206788992183,-1.4976206788992183,0.0,-1.4976206788992183,1.8969097258494405,1.8969097258494405,0.0,1.7602921687613389,-2.014381914347859,0.3878447726550177,False,324.91497302539744,324.96969863144625,-1.502841131151362,-1.493222436348084
Jupiter,Jupiter,transit_self,58.6797209279301,58.6797209279301,0.0,58.6797209279301,19.463265734249482,19.463265734249482,0.0,19.463265734249482,5.718593101320218,5.718593101320218,0.0,3.0105664038563353,3.989004509500008,-0.08396082709272856,False,58.57310625449133,58.786226184965635,19.441931382478735,19.48412318631759
Ketu,Ketu,transit_self,296.5278804222692,296.5278804222692,0.0,296.5278804222692,-21.201570395897143,-21.201570395897143,0.0,-21.201570395897143,,,,,,,False,296.52542639649283,296.5325843351104,-21.20198357736673,-21.200778442612236
Mars,Mars,transit_self,102.35185204994264,102.35185204994264,0.0,102.35185204994264,23.839345035310863,23.839345035310863,0.0,23.839345035310863,2.612158255256575,2.612158255256575,0.0,-0.30325412184418127,1.5661292252462278,0.0402601773111082,False,101.99049979365356,102.71172998127588,23.813431713467946,23.863647112246078
Mercury,Mercury,transit_self,107.39954168383575,107.39954168383575,0.0,107.39954168383575,18.20875974161424,18.20875974161424,0.0,18.20875974161424,0.5640494277421064,0.5640494277421064,0.0,0.04791590609493301,-0.45597019606848144,-0.04164642189200857,False,107.07544091397476,107.7125972987498,18.15725189620343,18.26273715168546
Moon,Moon,transit_self,128.34196163466234,128.34196163466234,0.0,128.34196163466234,19.274697394772215,19.274697394772215,0.0,19.274697394772215,0.002376608414963242,0.002376608414963242,0.0,0.20669275603035064,-0.9932559710274749,4.1921073419437516e-05,True,119.42846973751861,135.12982217407676,17.70315098438951,19.978563913046884
Neptune,Neptune,transit_self,308.1304926638785,308.1304926638785,0.0,308.1304926638785,-18.609327649732663,-18.609327649732663,0.0,-18.609327649732663,29.182468595261607,29.182468595261607,0.0,17.282827063411297,-24.660768694626142,0.10957248394352881,False,308.1182738896917,308.14295752525527,-18.612364291945706,-18.606296135178905
Pallas,Pallas,transit_self,155.41729559976122,155.41729559976122,0.0,155.41729559976122,10.550739430154525,10.550739430154525,0.0,10.550739430154525,2.7796774877151016,2.7796774877151016,0.0,-2.276901254694105,0.2501230592338988,0.014819480296285492,False,155.1895446036914,155.6429561179209,10.540320487374814,10.560606506183802
Pluto,Pluto,transit_self,250.74958321460662,250.74958321460662,0.0,250.74958321460662,-10.952107469848578,-10.952107469848578,0.0,-10.952107469848578,29.41974459183908,29.41974459183908,0.0,-9.317107161847648,-28.23647810737097,5.7185049739952625,False,250.7384185962976,250.76100689083086,-10.95308203219953,-10.951208464339945
Rahu,Rahu,transit_self,116.5278804222692,116.5278804222692,0.0,116.5278804222692,21.201570395897143,21.201570395897143,0.0,21.201570395897143,0.0023929286073311666,0.0023929286073311666,,,,,False,116.52542639649285,116.5325843351104,21.200778442612236,21.20198357736673
Regulus,Regulus,transit_self,152.08936816253657,152.08936816253657,0.0,152.08936816253657,11.968552179668535,11.968552179668535,0.0,11.968552179668535,,,,,,,False,152.08930202147357,152.08939416748356,11.968549956325646,11.968585439945063
Saturn,Saturn,transit_self,55.092138493615515,55.092138493615515,0.0,55.092138493615515,17.492052946817356,17.492052946817356,0.0,17.492052946817356,9.837588516552914,9.837588516552914,0.0,5.576915113140822,7.2409681834416455,-0.3477712131898252,False,55.038908553355974,55.1451877556783,17.480910244818435,17.502926796819867
Sun,Sun,transit_self,102.83800406612029,102.83800406612029,0.0,102.83800406612029,22.913236574380473,22.913236574380473,0.0,22.913236574380473,1.0167054242239122,1.0167054242239122,,,,,False,102.32078537800557,103.35214955958095,22.869269218065867,22.953514951098285
Uranus,Uranus,transit_self,322.87871739128036,322.87871739128036,0.0,322.87871739128036,-15.428622847194358,-15.428622847194358,0.0,-15.428622847194358,19.134951607190736,19.134951607190736,0.0,14.914838060014677,-13.234512862190115,-0.24254353350811808,False,322.86497303700384,322.8927048196613,-15.433349343458884,-15.423923535989283
Venus,Venus,transit_self,109.4766509496569,109.4766509496569,0.0,109.4766509496569,23.146144680271153,23.146144680271153,0.0,23.146144680271153,1.7213402921855199,1.7213402921855199,0.0,-0.3198198171714932,0.6429528806365662,0.027247912046162392,False,108.81053035368073,110.14003163757052,23.078254873425625,23.210076036442214
Vesta,Vesta,transit_self,300.00439413610576,300.00439413610576,0.0,300.00439413610576,-22.074709580788525,-22.074709580788525,0.0,-22.074709580788525,1.1892837247843686,1.1892837247843686,0.0,0.7591388885159355,-2.048674228589081,-0.030398207218229834,False,299.8991119187602,300.1121251409852,-22.13380918621659,-22.01710492878446
equator,equator,transit_self,,,,,0.0,0.0,0.0,0.0,,,,,,,False,,,0.0,0.0
Transpluto,Transpluto,transit_self,147.3427613612761,147.3427613612761,0.0,147.3427613612761,13.168247566777415,13.168247566777415,0.0,13.168247566777415,94.1891415181294,94.1891415181294,0.0,-77.00590963556175,48.576061165524706,21.061475206423456,False,147.33871006830705,147.3468449097485,13.166829038792729,13.169654285058389
Part_of_Fortune,Part_of_Fortune,transit_self,,,,,,,,,,,,,,,False,,,,
Part_of_Spirit,Part_of_Spirit,transit_self,,,,,,,,,,,,,,,False,,,,
Ascendant,Ascendant,transit_self,,,,,,,,,,,,,,,False,,,,
Midheaven,Midheaven,transit_self,,,,,,,,,,,,,,,False,,,,
Vertex,Vertex,transit_self,,,,,,,,,,,,,,,False,,,,
Algol_B,Algol_B,transit_self,47.03792105035427,47.03792105035427,0.0,47.03792105035427,40.953050389570464,40.953050389570464,0.0,40.953050389570464,,,,,,,False,47.037752694820995,47.03792471610885,40.95299822413232,40.95306612515233
Pleiades_B,Pleiades_B,transit_self,56.866807717968165,56.866807717968165,0.0,56.866807717968165,24.103965422796335,24.103965422796335,0.0,24.103965422796335,,,,,,,False,56.866664580604414,56.86680871101951,24.10393258809945,24.103980691944294
Aldebaran_B,Aldebaran_B,transit_self,68.9752867119401,68.9752867119401,0.0,68.9752867119401,16.508874704994305,16.508874704994305,0.0,16.508874704994305,,,,,,,False,68.97515128721528,68.9752867119401,16.508852598915837,16.50889068336486
Capella_B,Capella_B,transit_self,79.1649566353401,79.1649566353401,0.0,79.1649566353401,45.99675761504984,45.99675761504984,0.0,45.99675761504984,,,,,,,False,79.1647772875341,79.1649566353401,45.99672724871033,45.99678807957095
Sirius_B,Sirius_B,transit_self,101.28130476665748,101.28130476665748,0.0,101.28130476665748,-16.715793908178814,-16.715793908178814,0.0,-16.715793908178814,,,,,,,False,101.28119613180385,101.28130872240646,-16.715835519748293,-16.71577557700246
Procyon_B,Procyon_B,transit_self,114.81999114319238,114.81999114319238,0.0,114.81999114319238,5.225435197267776,5.225435197267776,0.0,5.225435197267776,,,,,,,False,114.81989528713557,114.81999954338254,5.225426740562238,5.225454780530264
Regulus_B,Regulus_B,transit_self,152.08936816253657,152.08936816253657,0.0,152.08936816253657,11.968552179668535,11.968552179668535,0.0,11.968552179668535,,,,,,,False,152.08930202147357,152.08939416748356,11.968549956325646,11.968585439945063
Alkaid_B,Alkaid_B,transit_self,206.88744394278712,206.88744394278712,0.0,206.88744394278712,49.31760631794818,49.31760631794818,0.0,49.31760631794818,,,,,,,False,206.8874291548731,206.88761036968347,49.31760151185518,49.31769040423267
Algorab_B,Algorab_B,transit_self,187.46566820716535,187.46566820716535,0.0,187.46566820716535,-16.5165763686501,-16.5165763686501,0.0,-16.5165763686501,,,,,,,False,187.46564637586917,187.46574948084805,-16.516624067710513,-16.516572478670998
Spica_B,Spica_B,transit_self,201.29924769155517,201.29924769155517,0.0,201.29924769155517,-11.161925884938432,-11.161925884938432,0.0,-11.161925884938432,,,,,,,False,201.29923465755294,201.29935041849438,-11.16196028222329,-11.161919843463592
Arcturus_B,Arcturus_B,transit_self,213.9173988564901,213.9173988564901,0.0,213.9173988564901,19.184250649930902,19.184250649930902,0.0,19.184250649930902,,,,,,,False,213.91739143881682,213.91752283249247,19.184249682174258,19.184297395223634
Alphecca_B,Alphecca_B,transit_self,233.67616183027855,233.67616183027855,0.0,233.67616183027855,26.716928065944078,26.716928065944078,0.0,26.716928065944078,,,,,,,False,233.6761601273659,233.67630725314498,26.716919041493274,26.716978121806257
Antares_B,Antares_B,transit_self,247.35705789849735,247.35705789849735,0.0,247.35705789849735,-26.43296144533973,-26.43296144533973,0.0,-26.43296144533973,,,,,,,False,247.35705789849735,247.35720324189904,-26.432990430804963,-26.432942219822056
Vega_B,Vega_B,transit_self,279.24187243897006,279.24187243897006,0.0,279.24187243897006,38.78422513274455,38.78422513274455,0.0,38.78422513274455,,,,,,,False,279.24186817975306,279.2420084238086,38.784159787258176,38.784244279107
Deneb Algedi_B,Deneb Algedi_B,transit_self,326.7642625362952,326.7642625362952,0.0,326.7642625362952,-16.125789599811814,-16.125789599811814,0.0,-16.125789599811814,,,,,,,False,326.7642390204811,326.7643366240094,-16.125792051998854,-16.12575311185931
Fomalhaut_B,Fomalhaut_B,transit_self,344.41563445871594,344.41563445871594,0.0,344.41563445871594,-29.61941897452925,-29.61941897452925,0.0,-29.61941897452925,,,,,,,False,344.4155974031724,344.41568919192974,-29.619419091825655,-29.619360939285357
Rigel_B,Rigel_B,transit_self,78.62930118715819,78.62930118715819,0.0,78.62930118715819,-8.200892113668981,-8.200892113668981,0.0,-8.200892113668981,,,,,,,False,78.62917512360748,78.62930118715819,-8.200916194335264,-8.200867867301929
Betelgeuse_B,Betelgeuse_B,transit_self,88.78748910068524,88.78748910068524,0.0,88.78748910068524,7.40735887817963,7.40735887817963,0.0,7.40735887817963,,,,,,,False,88.78737231096588,88.78749054601357,7.407346053380451,7.407375413635655
Polaris_B,Polaris_B,transit_self,37.761194020913244,37.761194020913244,0.0,37.761194020913244,89.25916984251006,89.25916984251006,0.0,89.25916984251006,,,,,,,False,37.75188660546831,37.7616297968357,89.25908099629517,89.25918336708067
Castor_B,Castor_B,transit_self,113.64308520248082,113.64308520248082,0.0,113.64308520248082,31.88928987854151,31.88928987854151,0.0,31.88928987854151,,,,,,,False,113.6429720191417,113.64309454660341,31.889279810122027,31.889329513538442
Altair_B,Altair_B,transit_self,297.70128740794513,297.70128740794513,0.0,297.70128740794513,8.86860772881816,8.86860772881816,0.0,8.86860772881816,,,,,,,False,297.7012780158154,297.7013830314891,8.868572373247956,8.86862248524093
Bellatrix_B,Bellatrix_B,transit_self,81.27752308831481,81.27752308831481,0.0,81.27752308831481,6.349941858628275,6.349941858628275,0.0,6.349941858628275,,,,,,,False,81.27739947988346,81.27752314998577,6.3499275833963695,6.349956887136773
