body,minute,ra,dec,source
Aldebaran,-30,68.98611646221208,16.50909872035764,engine
Aldebaran,-20,68.98611786775392,16.509098139366188,engine
Aldebaran,-15,68.9861186034123,16.509097854257487,engine
Aldebaran,-10,68.98611936060774,16.509097572913,engine
Aldebaran,-5,68.98612013903674,16.509097295460002,engine
Aldebaran,-2,68.98612061615593,16.50909713090844,engine
Aldebaran,-1,68.98612077685729,16.50909707638393,engine
Aldebaran,0,68.98612093838511,16.50909702202406,engine
Aldebaran,1,68.9861211007368,16.509096967829816,engine
Aldebaran,2,68.9861212639097,16.50909691380219,engine
Aldebaran,3,68.98612142790114,16.509096859942154,engine
Aldebaran,4,68.98612159270849,16.509096806250675,engine
Aldebaran,5,68.98612175832905,16.50909675272871,engine
Aldebaran,6,68.9861219247602,16.509096699377217,engine
Aldebaran,7,68.98612209199904,16.5090966461972,engine
Aldebaran,8,68.9861222600429,16.50909659318963,engine
Aldebaran,9,68.98612242888909,16.509096540355408,engine
Aldebaran,10,68.98612259853482,16.509096487695516,engine
Aldebaran,11,68.9861227689773,16.509096435210903,engine
Aldebaran,12,68.98612294021375,16.50909638290251,engine
Aldebaran,13,68.98612311224134,16.50909633077129,engine
Aldebaran,14,68.98612328505727,16.50909627881817,engine
Aldebaran,15,68.98612345865871,16.509096227044093,engine
Aldebaran,20,68.98612433834786,16.50909597089181,engine
Aldebaran,30,68.98612615496262,16.5090954725438,engine
Algol,-30,47.04952779486161,40.95709832262007,engine
Algol,-20,47.04953010498555,40.95709768722474,engine
Algol,-15,47.04953128951508,40.95709738868571,engine
Algol,-10,47.04953249293153,40.95709710319822,engine
Algol,-5,47.049533714655375,40.95709683096372,engine
Algol,-2,47.049534456232564,40.95709667406596,engine
Algol,-1,47.0495347048203,40.957096622849704,engine
Algol,0,47.049534954097716,40.957096572177456,engine
Algol,1,47.049535204060035,40.95709652205071,engine
Algol,2,47.04953545470241,40.957096472470944,engine
Algol,3,47.04953570602002,40.957096423439616,engine
Algol,4,47.04953595800806,40.95709637495819,engine
Algol,5,47.04953621066163,40.957096327028125,engine
Algol,6,47.04953646397604,40.9570962796508,engine
Algol,7,47.04953671794607,40.95709623282773,engine
Algol,8,47.04953697256702,40.957096186560285,engine
Algol,9,47.049537227833945,40.95709614084988,engine
Algol,10,47.04953748374197,40.95709609569789,engine
Algol,11,47.04953774028614,40.95709605110572,engine
Algol,12,47.049537997461506,40.95709600707472,engine
Algol,13,47.0495382552631,40.95709596360628,engine
Algol,14,47.04953851368602,40.957095920701725,engine
Algol,15,47.04953877272522,40.957095878362416,engine
Algol,20,47.049540076990844,40.95709567519052,engine
Algol,30,47.049542728849026,40.95709531197917,engine
Algorab,-30,187.46069602895682,-16.513767008097258,engine
Algorab,-20,187.4606941447314,-16.513767055179322,engine
Algorab,-15,187.46069320410365,-16.51376706823711,engine
Algorab,-10,187.4606922652092,-16.513767074316686,engine
Algorab,-5,187.46069132860433,-16.513767073430184,engine
Algorab,-2,187.46069076797164,-16.51376706956087,engine
Algorab,-1,187.46069058134242,-16.51376706771571,engine
Algorab,0,187.4606903948447,-16.513767065593086,engine
Algorab,1,187.46069020848296,-16.513767063193203,engine
Algorab,2,187.46069002226164,-16.513767060516187,engine
Algorab,3,187.4606898361851,-16.513767057562237,engine
Algorab,4,187.46068965025785,-16.51376705433153,engine
Algorab,5,187.4606894644842,-16.51376705082422,engine
Algorab,6,187.4606892788685,-16.513767047040528,engine
Algorab,7,187.46068909341543,-16.51376704298062,engine
Algorab,8,187.46068890812924,-16.513767038644716,engine
Algorab,9,187.46068872301433,-16.513767034033,engine
Algorab,10,187.46068853807512,-16.5137670291457,engine
Algorab,11,187.460688353316,-16.513767023983018,engine
Algorab,12,187.46068816874134,-16.513767018545177,engine
Algorab,13,187.4606879843556,-16.513767012832403,engine
Algorab,14,187.46068780016307,-16.51376700684492,engine
Algorab,15,187.4606876161682,-16.513767000582973,engine
Algorab,20,187.46068669931165,-16.513766965164773,engine
Algorab,30,187.46068488293113,-16.513766873893363,engine
Alkaid,-30,206.87641919485847,49.31226930827324,engine
Alkaid,-20,206.87641629856202,49.31226922891126,engine
Alkaid,-15,206.87641483378863,49.31226916270963,engine
Alkaid,-10,206.87641335898155,49.31226907867383,engine
Alkaid,-5,206.87641187493352,49.31226897669912,engine
Alkaid,-2,206.87641098040098,49.31226890686335,engine
Alkaid,-1,206.87641068157785,49.312268882138554,engine
Alkaid,0,206.87641038244266,49.312268856689535,engine
Alkaid,1,206.8764100830018,49.31226883051556,engine
Alkaid,2,206.8764097832617,49.312268803616014,engine
Alkaid,3,206.87640948322877,49.312268775990255,engine
Alkaid,4,206.87640918290953,49.31226874763761,engine
Alkaid,5,206.8764088823104,49.31226871855752,engine
Alkaid,6,206.87640858143757,49.312268688749334,engine
Alkaid,7,206.87640828029794,49.31226865821251,engine
Alkaid,8,206.87640797889782,49.31226862694645,engine
Alkaid,9,206.87640767724363,49.312268594950574,engine
Alkaid,10,206.87640737534184,49.31226856222437,engine
Alkaid,11,206.87640707319895,49.312268528767284,engine
Alkaid,12,206.8764067708214,49.3122684945788,engine
Alkaid,13,206.87640646821578,49.31226845965842,engine
Alkaid,14,206.87640616538852,49.31226842400566,engine
Alkaid,15,206.87640586234608,49.312268387619994,engine
Alkaid,20,206.87640434413424,49.31226819468311,engine
Alkaid,30,206.87640129532141,49.312267753610406,engine
Alphecca,-30,233.66658195798573,26.715463831583282,engine
Alphecca,-20,233.66658011196046,26.7154640550882,engine
Alphecca,-15,233.66657916043766,26.71546415503909,engine
Alphecca,-10,233.66657819048982,26.7154642469021,engine
Alphecca,-5,233.66657720256387,26.715464330516934,engine
Alphecca,-2,233.6665766013682,26.715464376661494,engine
Alphecca,-1,233.66657639958513,26.715464391364897,engine
Alphecca,0,233.6665761971159,26.715464405727225,engine
Alphecca,1,233.66657599396433,26.715464419747253,engine
Alphecca,2,233.66657579013426,26.71546443342381,engine
Alphecca,3,233.66657558562926,26.715464446755682,engine
Alphecca,4,233.66657538045325,26.71546445974168,engine
Alphecca,5,233.66657517461,26.71546447238064,engine
Alphecca,6,233.66657496810313,26.71546448467138,engine
Alphecca,7,233.66657476093687,26.715464496612746,engine
Alphecca,8,233.6665745531147,26.71546450820355,engine
Alphecca,9,233.66657434464065,26.715464519442666,engine
Alphecca,10,233.6665741355184,26.715464530328934,engine
Alphecca,11,233.66657392575203,26.715464540861227,engine
Alphecca,12,233.6665737153453,26.715464551038398,engine
Alphecca,13,233.66657350430205,26.71546456085934,engine
Alphecca,14,233.66657329262634,26.715464570322926,engine
Alphecca,15,233.6665730803219,26.715464579428026,engine
Alphecca,20,233.66657200950814,26.715464619538075,engine
Alphecca,30,233.66656982301893,26.715464672253194,engine
Altair,-30,297.69669152138744,8.872836893461281,engine
Altair,-20,297.6966916333527,8.872836974481045,engine
Altair,-15,297.6966916540353,8.872837016808136,engine
Altair,-10,297.69669165096957,8.872837060241348,engine
Altair,-5,297.6966916240085,8.87283710470102,engine
Altair,-2,297.6966915963053,8.872837131836185,engine
Altair,-1,297.6966915851436,8.872837140953937,engine
Altair,0,297.69669157301666,8.87283715010697,engine
Altair,1,297.69669155992347,8.872837159294624,engine
Altair,2,297.6966915458631,8.872837168516254,engine
Altair,3,297.6966915308346,8.872837177771226,engine
Altair,4,297.6966915148372,8.872837187058874,engine
Altair,5,297.69669149786984,8.872837196378555,engine
Altair,6,297.6966914799318,8.872837205729638,engine
Altair,7,297.6966914610222,8.872837215111442,engine
Altair,8,297.6966914411402,8.872837224523336,engine
Altair,9,297.696691420285,8.872837233964658,engine
Altair,10,297.6966913984558,8.87283724343476,engine
Altair,11,297.69669137565177,8.872837252932992,engine
Altair,12,297.69669135187235,8.872837262458697,engine
Altair,13,297.6966913271166,8.872837272011227,engine
Altair,14,297.69669130138385,8.872837281589923,engine
Altair,15,297.69669127467347,8.872837291194127,engine
Altair,20,297.6966911264338,8.872837339574911,engine
Altair,30,297.6966907562841,8.87283743787216,engine
Antares,-30,247.3458593024972,-26.431463775778973,engine
Antares,-20,247.3458577569468,-26.43146453926777,engine
Antares,-15,247.34585694956928,-26.431464912217393,engine
Antares,-10,247.34585611955816,-26.43146527903775,engine
Antares,-5,247.34585526725266,-26.43146563953307,engine
Antares,-2,247.3458547453133,-26.431465852713828,engine
Antares,-1,247.34585456959127,-26.43146592324552,engine
Antares,0,247.34585439300295,-26.431465993510404,engine
Antares,1,247.3458542155513,-26.431466063506967,engine
Antares,2,247.34585403723912,-26.431466133233716,engine
Antares,3,247.34585385806952,-26.43146620268916,engine
Antares,4,247.34585367804542,-26.43146627187178,engine
Antares,5,247.3458534971697,-26.431466340780105,engine
Antares,6,247.34585331544537,-26.4314664094127,engine
Antares,7,247.3458531328756,-26.431466477767994,engine
Antares,8,247.34585294946336,-26.431466545844565,engine
Antares,9,247.3458527652117,-26.43146661364095,engine
Antares,10,247.34585258012362,-26.431466681155683,engine
Antares,11,247.3458523942023,-26.431466748387315,engine
Antares,12,247.34585220745075,-26.43146681533439,engine
Antares,13,247.34585201987207,-26.431466881995462,engine
Antares,14,247.3458518314695,-26.431466948369103,engine
Antares,15,247.34585164224615,-26.431467014453872,engine
Antares,20,247.345850683928,-26.431467340494912,engine
Antares,30,247.34584870758354,-26.431467970103597,engine
Arcturus,-30,213.90274566632473,19.171021820711513,engine
Arcturus,-20,213.9027436886248,19.17102171001386,engine
Arcturus,-15,213.90274268384871,19.17102164374756,engine
Arcturus,-10,213.90274166914796,19.171021570109207,engine
Arcturus,-5,213.90274064504788,19.171021489032867,engine
Arcturus,-2,213.90274002629658,19.17102143679075,engine
Arcturus,-1,213.9027398193565,19.17102141877444,engine
Arcturus,0,213.90273961207873,19.17102140045621,engine
Arcturus,1,213.90273940446752,19.171021381835597,engine
Arcturus,2,213.90273919652722,19.17102136291216,engine
Arcturus,3,213.9027389882621,19.171021343685446,engine
Arcturus,4,213.90273877967647,19.171021324155017,engine
Arcturus,5,213.90273857077466,19.171021304320433,engine
Arcturus,6,213.90273836156078,19.17102128418126,engine
Arcturus,7,213.90273815203955,19.171021263737085,engine
Arcturus,8,213.90273794221503,19.171021242987496,engine
Arcturus,9,213.90273773209165,19.17102122193206,engine
Arcturus,10,213.90273752167374,19.171021200570387,engine
Arcturus,11,213.90273731096565,19.171021178902077,engine
Arcturus,12,213.90273709997166,19.171021156926724,engine
Arcturus,13,213.9027368886962,19.171021134643947,engine
Arcturus,14,213.90273667714365,19.171021112053364,engine
Arcturus,15,213.90273646531836,19.171021089154596,engine
Arcturus,20,213.90273540225365,19.171020970025168,engine
Arcturus,30,213.9027332581947,19.171020708452637,engine
Ascendant,-30,19.86280028564067,8.378467749305818,engine
Ascendant,-20,25.917808552443862,10.728527868541727,engine
Ascendant,-15,28.844610016991588,11.811956550905744,engine
Ascendant,-10,31.699095408441398,12.83183228766384,engine
Ascendant,-5,34.47872180336819,13.787752176473,engine
Ascendant,-2,36.109875452470284,14.33080297807483,engine
Ascendant,-1,36.6474407003272,14.506787388427238,engine
Ascendant,0,37.18192166830745,14.680274564100664,engine
Ascendant,1,37.713315489398774,14.851277485082568,engine
Ascendant,2,38.24162052531789,15.019810098897374,engine
Ascendant,3,38.76683632318674,15.185887264782458,engine
Ascendant,4,39.28896358205721,15.349524702144958,engine
Ascendant,5,39.808004119337745,15.510738940074502,engine
Ascendant,6,40.323961172589705,15.669547370735554,engine
Ascendant,7,40.83683798814936,15.825967778181889,engine
Ascendant,8,41.346639858085794,15.980018928736342,engine
Ascendant,9,41.85337269554819,16.131720096259667,engine
Ascendant,10,42.35704335289197,16.28109112647754,engine
Ascendant,11,42.85765957898035,16.428152391140824,engine
Ascendant,12,43.35522999189035,16.572924748054934,engine
Ascendant,13,43.84976403712754,16.715429498111476,engine
Ascendant,14,44.34127196113964,16.85568834806974,engine
Ascendant,15,44.82976477149568,16.99372337073864,engine
Ascendant,20,47.22743711069458,17.651334908871736,engine
Ascendant,30,51.80480148076489,18.813134295616116,engine
Bellatrix,-30,81.28761799919288,6.3507633596883295,engine
Bellatrix,-20,81.28761904090068,6.350762973741939,engine
Bellatrix,-15,81.28761959676649,6.350762782117968,engine
Bellatrix,-10,81.28762017573851,6.350762591467817,engine
Bellatrix,-5,81.28762077762688,6.3507624018465805,engine
Bellatrix,-2,81.2876211496765,6.350762288590502,engine
Bellatrix,-1,81.28762127550253,6.350762250927192,engine
Bellatrix,0,81.28762140223043,6.350762213308965,engine
Bellatrix,1,81.28762152985851,6.350762175736244,engine
Bellatrix,2,81.287621658385,6.3507621382094674,engine
Bellatrix,3,81.28762178780816,6.350762100729061,engine
Bellatrix,4,81.2876219181262,6.35076206329545,engine
Bellatrix,5,81.28762204933732,6.350762025909074,engine
Bellatrix,6,81.28762218143977,6.35076198857032,engine
Bellatrix,7,81.28762231443157,6.350761951279676,engine
Bellatrix,8,81.28762244831094,6.350761914037538,engine
Bellatrix,9,81.28762258307603,6.3507618768443255,engine
Bellatrix,10,81.28762271872495,6.3507618397004695,engine
Bellatrix,11,81.28762285525579,6.350761802606386,engine
Bellatrix,12,81.28762299266664,6.3507617655625,engine
Bellatrix,13,81.28762313095555,6.350761728569231,engine
Bellatrix,14,81.28762327012062,6.350761691626996,engine
Bellatrix,15,81.28762341015981,6.3507616547362185,engine
Bellatrix,20,81.28762412339817,6.350761471068683,engine
Bellatrix,30,81.28762561425728,6.35076110783042,engine
Betelgeuse,-30,88.79763397406451,7.40814154058457,engine
Betelgeuse,-20,88.79763480115002,7.408141110612576,engine
Betelgeuse,-15,88.79763525100739,7.408140896588565,engine
Betelgeuse,-10,88.79763572492985,7.408140683295759,engine
Betelgeuse,-5,88.7976362227947,7.4081404708010545,engine
Betelgeuse,-2,88.79763653295048,7.4081403437150595,engine
Betelgeuse,-1,88.79763663823512,7.408140301424714,engine
Betelgeuse,0,88.79763674446748,7.408140259171079,engine
Betelgeuse,1,88.79763685164637,7.4081402169546715,engine
Betelgeuse,2,88.7976369597706,7.408140174776032,engine
Betelgeuse,3,88.79763706883887,7.408140132635678,engine
Betelgeuse,4,88.79763717884997,7.40814009053414,engine
Betelgeuse,5,88.79763728980258,7.408140048471943,engine
Betelgeuse,6,88.79763740169554,7.408140006449579,engine
Betelgeuse,7,88.79763751452735,7.408139964467634,engine
Betelgeuse,8,88.79763762829678,7.408139922526597,engine
Betelgeuse,9,88.79763774300245,7.408139880626993,engine
Betelgeuse,10,88.79763785864303,7.408139838769337,engine
Betelgeuse,11,88.79763797521713,7.408139796954156,engine
Betelgeuse,12,88.79763809272335,7.408139755181971,engine
Betelgeuse,13,88.79763821116025,7.408139713453296,engine
Betelgeuse,14,88.79763833052642,7.408139671768645,engine
Betelgeuse,15,88.79763845082039,7.408139630128541,engine
Betelgeuse,20,88.79763906615534,7.408139422614214,engine
Betelgeuse,30,88.79764036552443,7.408139011221214,engine
Capella,-30,79.18014228184745,45.99464849662971,engine
Capella,-20,79.18014385273071,45.99464723825993,engine
Capella,-15,79.18014468761311,45.99464661836415,engine
Capella,-10,79.18014555508434,45.994646005139494,engine
Capella,-5,79.18014645484641,45.99464539894056,engine
Capella,-2,79.1801470100733,45.994645038739975,engine
Capella,-1,79.18014719769505,45.99464491927633,engine
Capella,0,79.18014738658545,45.99464480011893,engine
Capella,1,79.18014757674183,45.99464468127055,engine
Capella,2,79.18014776816148,45.994644562733946,engine
Capella,3,79.18014796084165,45.99464444451187,engine
Capella,4,79.18014815477963,45.994644326607094,engine
Capella,5,79.1801483499726,45.99464420902237,engine
Capella,6,79.18014854641793,45.99464409176035,engine
Capella,7,79.18014874411249,45.99464397482391,engine
Capella,8,79.18014894305357,45.99464385821573,engine
Capella,9,79.18014914323832,45.99464374193851,engine
Capella,10,79.18014934466383,45.99464362599499,engine
Capella,11,79.1801495473272,45.99464351038787,engine
Capella,12,79.18014975122546,45.99464339511983,engine
Capella,13,79.18014995635563,45.99464328019359,engine
Capella,14,79.18015016271475,45.99464316561183,engine
Capella,15,79.18015037029978,45.99464305137727,engine
Capella,20,79.18015142650678,45.99464248550531,engine
Capella,30,79.1801536290644,45.99464138132318,engine
Castor,-30,113.65131066881331,31.886075966903263,engine
Castor,-20,113.65131070007432,31.88607478817838,engine
Castor,-15,113.65131075761754,31.886074194200393,engine
Castor,-10,113.65131084329535,31.88607359751211,engine
Castor,-5,113.65131095723558,31.886072998389977,engine
Castor,-2,113.65131103921372,31.886072637864054,engine
Castor,-1,113.65131106881388,31.886072517526664,engine
Castor,0,113.6513110995524,31.886072397111956,engine
Castor,1,113.65131113143008,31.886072276622144,engine
Castor,2,113.65131116444762,31.886072156059484,engine
Castor,3,113.65131119860574,31.886072035426206,engine
Castor,4,113.65131123390518,31.886071914724557,engine
Castor,5,113.65131127034655,31.886071793956756,engine
Castor,6,113.65131130793058,31.886071673124977,engine
Castor,7,113.65131134665783,31.886071552231623,engine
Castor,8,113.65131138652896,31.886071431278857,engine
Castor,9,113.6513114275445,31.886071310268918,engine
Castor,10,113.65131146970506,31.886071189204042,engine
Castor,11,113.65131151301117,31.886071068086498,engine
Castor,12,113.65131155746336,31.88607094691852,engine
Castor,13,113.65131160306213,31.88607082570235,engine
Castor,14,113.65131164980792,31.886070704440243,engine
Castor,15,113.65131169770123,31.88607058313447,engine
Castor,20,113.65131195439479,31.88606997602897,engine
Castor,30,113.65131255404366,31.886068759837375,engine
Ceres,-30,67.17044627984058,16.504188507981045,engine
Ceres,-20,67.1689694630859,16.50428186468899,engine
Ceres,-15,67.16823069818598,16.504328686556303,engine
Ceres,-10,67.16749168577174,16.50437560253057,engine
Ceres,-5,67.1667524183264,16.50442261141191,engine
Ceres,-2,67.16630873266418,16.50445086084932,engine
Ceres,-1,67.16616081610313,16.504460284578315,engine
Ceres,0,67.16601288882747,16.504469711931804,engine
Ceres,1,67.16586495093169,16.50447914295015,engine
Ceres,2,67.16571700205714,16.50448857752103,engine
Ceres,3,67.1655690424497,16.504498015735503,engine
Ceres,4,67.16542107175111,16.504507457481104,engine
Ceres,5,67.16527309020755,16.50451690284878,engine
Ceres,6,67.16512509736185,16.504526351732295,engine
Ceres,7,67.16497709365908,16.504535804209745,engine
Ceres,8,67.16482907864236,16.5045452601748,engine
Ceres,9,67.16468105240756,16.504554719667208,engine
Ceres,10,67.1645330150506,16.504564182726686,engine
Ceres,11,67.16438496621457,16.504573649240413,engine
Ceres,12,67.16423690614675,16.504583119298765,engine
Ceres,13,67.16408883449053,16.50459259278876,engine
Ceres,14,67.16394075149366,16.504602069800686,engine
Ceres,15,67.16379265679987,16.504611550221426,engine
Ceres,20,67.16305200861282,16.504659003973366,engine
Ceres,30,67.16156981572095,16.504754164121486,engine
Chiron,-30,7.115119942495665,5.584381857391838,engine
Chiron,-20,7.114930684719579,5.584280644409578,engine
Chiron,-15,7.11483600972897,5.584230045663738,engine
Chiron,-10,7.114741303368825,5.584179451979469,engine
Chiron,-5,7.114646565151777,5.584128863259642,engine
Chiron,-2,7.114589706749597,5.584098512380106,engine
Chiron,-1,7.114570751348894,5.584088395807757,engine
Chiron,0,7.1145517946469266,5.584078279429326,engine
Chiron,1,7.114532836631509,5.584068163241457,engine
Chiron,2,7.114513877303714,5.5840580472447865,engine
Chiron,3,7.114494916660241,5.584047931438608,engine
Chiron,4,7.1144759547022245,5.584037815823548,engine
Chiron,5,7.114456991417607,5.584027700396252,engine
Chiron,6,7.114438026794864,5.5840175851505585,engine
Chiron,7,7.114419060856252,5.584007470099325,engine
Chiron,8,7.114400093585913,5.583997355235065,engine
Chiron,9,7.114381124985144,5.583987240558393,engine
Chiron,10,7.114362155042022,5.58397712606595,engine
Chiron,11,7.114343183757918,5.5839670117583475,engine
Chiron,12,7.114324211129797,5.5839568976348755,engine
Chiron,13,7.114305237154684,5.583946783694825,engine
Chiron,14,7.1142862618340255,5.583936669938796,engine
Chiron,15,7.114267285156063,5.5839265563634255,engine
Chiron,20,7.1141723813644235,5.583875991185755,engine
Chiron,30,7.113982470743517,5.583774874076264,engine
Deneb Algedi,-30,326.76219977801276,-16.12924855973115,engine
Deneb Algedi,-20,326.76220082925613,-16.129249209165376,engine
Deneb Algedi,-15,326.7622013288768,-16.129249541276216,engine
Deneb Algedi,-10,326.76220181062587,-16.12924987817963,engine
Deneb Algedi,-5,326.7622022741106,-16.12925021977047,engine
Deneb Algedi,-2,326.76220254327444,-16.12925042693026,engine
Deneb Algedi,-1,326.76220263148974,-16.129250496345854,engine
Deneb Algedi,0,326.7622027189471,-16.12925056594115,engine
Deneb Algedi,1,326.76220280564337,-16.129250635715252,engine
Deneb Algedi,2,326.76220289157584,-16.129250705667285,engine
Deneb Algedi,3,326.7622029767414,-16.12925077579635,engine
Deneb Algedi,4,326.7622030611372,-16.129250846101556,engine
Deneb Algedi,5,326.7622031447603,-16.12925091658201,engine
Deneb Algedi,6,326.7622032276078,-16.129250987236844,engine
Deneb Algedi,7,326.76220330967686,-16.12925105806507,engine
Deneb Algedi,8,326.7622033909646,-16.129251129065825,engine
Deneb Algedi,9,326.762203471468,-16.129251200238205,engine
Deneb Algedi,10,326.7622035511845,-16.12925127158127,engine
Deneb Algedi,11,326.7622036301111,-16.12925134309413,engine
Deneb Algedi,12,326.762203708245,-16.129251414775855,engine
Deneb Algedi,13,326.76220378558355,-16.12925148662551,engine
Deneb Algedi,14,326.7622038621238,-16.129251558642178,engine
Deneb Algedi,15,326.762203937863,-16.129251630824932,engine
Deneb Algedi,20,326.7622043044487,-16.129251994197123,engine
Deneb Algedi,30,326.76220497600127,-16.12925273285333,engine
Eris,-30,26.13184761497129,-1.4935253437788443,tno-rate
Eris,-20,26.131788852885613,-1.4935364809657745,tno-rate
Eris,-15,26.131759471842773,-1.4935420495592395,tno-rate
Eris,-10,26.131730090799934,-1.4935476181527048,tno-rate
Eris,-5,26.131700709757098,-1.4935531867461698,tno-rate
Eris,-2,26.131683081131392,-1.493556527902249,tno-rate
Eris,-1,26.131677204922827,-1.493557641620942,tno-rate
Eris,0,26.13167132871426,-1.493558755339635,tno-rate
Eris,1,26.13166545250569,-1.493559869058328,tno-rate
Eris,2,26.131659576297125,-1.493560982777021,tno-rate
Eris,3,26.131653700088556,-1.4935620964957141,tno-rate
Eris,4,26.131647823879987,-1.4935632102144072,tno-rate
Eris,5,26.13164194767142,-1.4935643239331002,tno-rate
Eris,6,26.131636071462854,-1.493565437651793,tno-rate
Eris,7,26.131630195254285,-1.493566551370486,tno-rate
Eris,8,26.131624319045716,-1.4935676650891792,tno-rate
Eris,9,26.131618442837148,-1.4935687788078722,tno-rate
Eris,10,26.131612566628583,-1.4935698925265652,tno-rate
Eris,11,26.131606690420014,-1.4935710062452583,tno-rate
Eris,12,26.131600814211446,-1.4935721199639513,tno-rate
Eris,13,26.131594938002877,-1.4935732336826444,tno-rate
Eris,14,26.131589061794312,-1.4935743474013374,tno-rate
Eris,15,26.131583185585743,-1.4935754611200305,tno-rate
Eris,20,26.131553804542904,-1.4935810297134955,tno-rate
Eris,30,26.131495042457228,-1.4935921669004257,tno-rate
Fomalhaut,-30,344.4172839891217,-29.624549873860243,engine
Fomalhaut,-20,344.4172856527275,-29.62455065999166,engine
Fomalhaut,-15,344.4172864665192,-29.624551069390616,engine
Fomalhaut,-10,344.41728726756537,-29.624551489524126,engine
Fomalhaut,-5,344.41728805532017,-29.62455192027021,engine
Fomalhaut,-2,344.4172885213684,-29.624552183759143,engine
Fomalhaut,-1,344.4172886755913,-29.62455227242275,engine
Fomalhaut,0,344.4172888292439,-29.624552361501582,engine
Fomalhaut,1,344.4172889823219,-29.624552450994543,engine
Fomalhaut,2,344.41728913482103,-29.624552540900574,engine
Fomalhaut,3,344.41728928673723,-29.624552631218567,engine
Fomalhaut,4,344.4172894380662,-29.624552721947435,engine
Fomalhaut,5,344.41728958880367,-29.62455281308608,engine
Fomalhaut,6,344.4172897389456,-29.62455290463343,engine
Fomalhaut,7,344.4172898884877,-29.62455299658826,engine
Fomalhaut,8,344.41729003742574,-29.6245530889495,engine
Fomalhaut,9,344.4172901857557,-29.624553181716003,engine
Fomalhaut,10,344.41729033347343,-29.62455327488663,engine
Fomalhaut,11,344.4172904805748,-29.62455336846022,engine
Fomalhaut,12,344.41729062705565,-29.62455346243563,engine
Fomalhaut,13,344.4172907729119,-29.62455355681169,engine
Fomalhaut,14,344.4172909181394,-29.624553651587213,engine
Fomalhaut,15,344.4172910627342,-29.624553746761038,engine
Fomalhaut,20,344.4172917760743,-29.624554228562573,engine
Fomalhaut,30,344.41729315298466,-29.624555221335605,engine
Gonggong,-30,336.1406031997043,-11.584429910629051,tno-rate
Gonggong,-20,336.1405937557779,-11.58442796733628,tno-rate
Gonggong,-15,336.1405890338147,-11.584426995689896,tno-rate
Gonggong,-10,336.1405843118515,-11.58442602404351,tno-rate
Gonggong,-5,336.1405795898883,-11.584425052397124,tno-rate
Gonggong,-2,336.1405767567104,-11.584424469409294,tno-rate
Gonggong,-1,336.14057581231776,-11.584424275080016,tno-rate
Gonggong,0,336.1405748679251,-11.58442408075074,tno-rate
Gonggong,1,336.1405739235325,-11.584423886421463,tno-rate
Gonggong,2,336.14057297913985,-11.584423692092185,tno-rate
Gonggong,3,336.1405720347472,-11.58442349776291,tno-rate
Gonggong,4,336.14057109035457,-11.584423303433631,tno-rate
Gonggong,5,336.14057014596193,-11.584423109104355,tno-rate
Gonggong,6,336.1405692015693,-11.584422914775077,tno-rate
Gonggong,7,336.14056825717665,-11.5844227204458,tno-rate
Gonggong,8,336.140567312784,-11.584422526116523,tno-rate
Gonggong,9,336.1405663683914,-11.584422331787247,tno-rate
Gonggong,10,336.14056542399874,-11.584422137457969,tno-rate
Gonggong,11,336.1405644796061,-11.584421943128692,tno-rate
Gonggong,12,336.14056353521346,-11.584421748799414,tno-rate
Gonggong,13,336.1405625908208,-11.584421554470138,tno-rate
Gonggong,14,336.1405616464282,-11.58442136014086,tno-rate
Gonggong,15,336.14056070203554,-11.584421165811584,tno-rate
Gonggong,20,336.14055598007235,-11.5844201941652,tno-rate
Gonggong,30,336.14054653614596,-11.584418250872428,tno-rate
Haumea,-30,216.46248227117792,14.898701502673495,tno-rate
Haumea,-20,216.462627315029,14.898676640662407,tno-rate
Haumea,-15,216.46269983695456,14.898664209656863,tno-rate
Haumea,-10,216.4627723588801,14.898651778651319,tno-rate
Haumea,-5,216.46284488080565,14.898639347645775,tno-rate
Haumea,-2,216.46288839396098,14.898631889042449,tno-rate
Haumea,-1,216.46290289834607,14.898629402841339,tno-rate
Haumea,0,216.4629174027312,14.89862691664023,tno-rate
Haumea,1,216.4629319071163,14.898624430439122,tno-rate
Haumea,2,216.4629464115014,14.898621944238013,tno-rate
Haumea,3,216.46296091588653,14.898619458036904,tno-rate
Haumea,4,216.46297542027162,14.898616971835795,tno-rate
Haumea,5,216.46298992465674,14.898614485634686,tno-rate
Haumea,6,216.46300442904186,14.898611999433578,tno-rate
Haumea,7,216.46301893342695,14.898609513232469,tno-rate
Haumea,8,216.46303343781207,14.89860702703136,tno-rate
Haumea,9,216.46304794219716,14.89860454083025,tno-rate
Haumea,10,216.46306244658228,14.898602054629142,tno-rate
Haumea,11,216.4630769509674,14.898599568428034,tno-rate
Haumea,12,216.4630914553525,14.898597082226924,tno-rate
Haumea,13,216.46310595973762,14.898594596025816,tno-rate
Haumea,14,216.46312046412274,14.898592109824706,tno-rate
Haumea,15,216.46313496850783,14.898589623623598,tno-rate
Haumea,20,216.46320749043338,14.898577192618054,tno-rate
Haumea,30,216.46335253428447,14.898552330606966,tno-rate
Juno,-30,268.92986233213037,-13.543377515709834,engine
Juno,-20,268.9322278465786,-13.543639668617606,engine
Juno,-15,268.9334106486246,-13.543770660621844,engine
Juno,-10,268.9345934857548,-13.543901596393354,engine
Juno,-5,268.93577636236915,-13.544032476062094,engine
Juno,-2,268.93648610872384,-13.544110976956222,engine
Juno,-1,268.9367226944539,-13.544137139444452,engine
Juno,0,268.93695928204335,-13.54416329969622,engine
Juno,1,268.93719587152407,-13.544189457712625,engine
Juno,2,268.93743246292803,-13.544215613494817,engine
Juno,3,268.9376690562872,-13.544241767043975,engine
Juno,4,268.93790565163334,-13.544267918361298,engine
Juno,5,268.9381422489986,-13.544294067448023,engine
Juno,6,268.9383788485734,-13.544320214322962,engine
Juno,7,268.9386154500722,-13.544346358952332,engine
Juno,8,268.93885205368554,-13.544372501355014,engine
Juno,9,268.9390886593851,-13.544398641528536,engine
Juno,10,268.93932526732283,-13.544424779481965,engine
Juno,11,268.9395618774705,-13.544450915212886,engine
Juno,12,268.93979848985975,-13.544477048722772,engine
Juno,13,268.9400351045223,-13.544503180013109,engine
Juno,14,268.9402717214897,-13.544529309085418,engine
Juno,15,268.94050834079366,-13.544555435941238,engine
Juno,20,268.9416914736263,-13.544686037047352,engine
Juno,30,268.94405793225917,-13.544947073967775,engine
Jupiter,-30,325.79949668697753,-14.846774261635266,engine
Jupiter,-20,325.8000422881622,-14.846573810125884,engine
Jupiter,-15,325.8003149603864,-14.846473536036054,engine
Jupiter,-10,325.8005875494063,-14.846373228881852,engine
Jupiter,-5,325.80086005717305,-14.846272888007983,engine
Jupiter,-2,325.80102352360257,-14.846212667052573,engine
Jupiter,-1,325.801078006151,-14.846192590627629,engine
Jupiter,0,325.80113248554727,-14.846172512823289,engine
Jupiter,1,325.80118696188987,-14.846152433608562,engine
Jupiter,2,325.8012414351126,-14.846132353004812,engine
Jupiter,3,325.801295905314,-14.846112270981074,engine
Jupiter,4,325.8013503724693,-14.846092187545656,engine
Jupiter,5,325.80140483655373,-14.846072102706925,engine
Jupiter,6,325.80145929770265,-14.846052016420451,engine
Jupiter,7,325.8015137557773,-14.846031928734664,engine
Jupiter,8,325.80156821091316,-14.846011839605199,engine
Jupiter,9,325.8016226630447,-14.84599174905356,engine
Jupiter,10,325.8016771122711,-14.845971657048908,engine
Jupiter,11,325.8017315585269,-14.845951563612765,engine
Jupiter,12,325.8017860019115,-14.845931468714339,engine
Jupiter,13,325.8018404424008,-14.845911372362078,engine
Jupiter,14,325.80189487997086,-14.845891274564545,engine
Jupiter,15,325.80194931472124,-14.845871175290917,engine
Jupiter,20,325.80222144608257,-14.845770656845351,engine
Jupiter,30,325.8027655043598,-14.84556950767066,engine
Ketu,-30,239.37491618797753,-20.45688684578327,engine
Ketu,-20,239.3748390047396,-20.4568718808031,engine
Ketu,-15,239.3748002536601,-20.45686436738626,engine
Ketu,-10,239.3747613964449,-20.456856833384652,engine
Ketu,-5,239.37472243319272,-20.456849278817387,engine
Ketu,-2,239.3746990044033,-20.456844736217036,engine
Ketu,-1,239.3746911863368,-20.45684322037415,engine
Ketu,0,239.37468336404322,-20.456841703711437,engine
Ketu,1,239.37467553751276,-20.456840186226984,engine
Ketu,2,239.37466770675178,-20.456838667922025,engine
Ketu,3,239.37465987176643,-20.456837148797742,engine
Ketu,4,239.37465203254715,-20.456835628852286,engine
Ketu,5,239.37464418910002,-20.45683410808683,engine
Ketu,6,239.37463634142074,-20.456832586500546,engine
Ketu,7,239.3746284895266,-20.4568310640968,engine
Ketu,8,239.37462063340206,-20.456829540872555,engine
Ketu,9,239.37461277305377,-20.45682801682912,engine
Ketu,10,239.3746049084878,-20.45682649196765,engine
Ketu,11,239.37459703969458,-20.4568249662863,engine
Ketu,12,239.3745891666804,-20.456823439786287,engine
Ketu,13,239.37458128944616,-20.456821912467785,engine
Ketu,14,239.37457340799807,-20.456820384331998,engine
Ketu,15,239.37456552232663,-20.456818855377087,engine
Ketu,20,239.37452603073098,-20.45681119833726,engine
Ketu,30,239.37444673175045,-20.456795823009234,engine
Makemake,-30,198.64972094667542,21.977534596623915,tno-rate
Makemake,-20,198.64984322166382,21.977526270652593,tno-rate
Makemake,-15,198.649904359158,21.977522107666932,tno-rate
Makemake,-10,198.64996549665221,21.97751794468127,tno-rate
Makemake,-5,198.6500266341464,21.97751378169561,tno-rate
Makemake,-2,198.65006331664293,21.977511283904214,tno-rate
Makemake,-1,198.65007554414177,21.97751045130708,tno-rate
Makemake,0,198.6500877716406,21.97750961870995,tno-rate
Makemake,1,198.65009999913946,21.977508786112818,tno-rate
Makemake,2,198.6501122266383,21.977507953515683,tno-rate
Makemake,3,198.65012445413714,21.977507120918553,tno-rate
Makemake,4,198.65013668163598,21.97750628832142,tno-rate
Makemake,5,198.65014890913483,21.977505455724287,tno-rate
Makemake,6,198.65016113663364,21.977504623127157,tno-rate
Makemake,7,198.65017336413248,21.977503790530022,tno-rate
Makemake,8,198.65018559163133,21.97750295793289,tno-rate
Makemake,9,198.65019781913017,21.977502125335757,tno-rate
Makemake,10,198.650210046629,21.977501292738626,tno-rate
Makemake,11,198.65022227412786,21.977500460141496,tno-rate
Makemake,12,198.6502345016267,21.97749962754436,tno-rate
Makemake,13,198.65024672912554,21.97749879494723,tno-rate
Makemake,14,198.65025895662438,21.977497962350096,tno-rate
Makemake,15,198.65027118412323,21.977497129752965,tno-rate
Makemake,20,198.6503323216174,21.977492966767304,tno-rate
Makemake,30,198.6504545966058,21.977484640795982,tno-rate
Mars,-30,216.2391255752052,-13.994726328717237,engine
Mars,-20,216.24369363272854,-13.99629245737645,engine
Mars,-15,216.2459780415498,-13.997075441873884,engine
Mars,-10,216.24826270725845,-13.997858374539453,engine
Mars,-5,216.25054763367208,-13.99864125689597,engine
Mars,-2,216.2519187154428,-13.999110962536028,engine
Mars,-1,216.25237576371558,-13.999267527141702,engine
Mars,0,216.25283282273344,-13.999424089866523,engine
Mars,1,216.25328989238346,-13.999580650671794,engine
Mars,2,216.2537469726869,-13.999737209567549,engine
Mars,3,216.25420406366462,-13.999893766563833,engine
Mars,4,216.2546611653374,-14.000050321670725,engine
Mars,5,216.25511827772578,-14.000206874898318,engine
Mars,6,216.25557540115668,-14.000363426361675,engine
Mars,7,216.2560325349032,-14.00051997581232,engine
Mars,8,216.2564896795599,-14.000676523462744,engine
Mars,9,216.2569468350126,-14.000833069274442,engine
Mars,10,216.25740400128083,-14.000989613257598,engine
Mars,11,216.2578611783841,-14.00114615542243,engine
Mars,12,216.25831836634165,-14.001302695779193,engine
Mars,13,216.25877556517253,-14.001459234338116,engine
Mars,14,216.25923277476156,-14.001615771060825,engine
Mars,15,216.25968999539546,-14.001772306054944,engine
Mars,20,216.2619762630405,-14.002554954784749,engine
Mars,30,216.266549626355,-14.004120124762267,engine
Mercury,-30,218.40549770849285,-13.888678542830839,engine
Mercury,-20,218.4162116137949,-13.892875937778431,engine
Mercury,-15,218.42156934588132,-13.8949743841053,engine
Mercury,-10,218.42692760401465,-13.897072665463769,engine
Mercury,-5,218.43228639500418,-13.899170784626264,engine
Mercury,-2,218.43550192659234,-13.90042957882432,engine
Mercury,-1,218.43657381375667,-13.90084916421466,engine
Mercury,0,218.43764572257257,-13.901268743267707,engine
Mercury,1,218.43871765307887,-13.901688316001664,engine
Mercury,2,218.43978960531408,-13.902107882434779,engine
Mercury,3,218.44086157892679,-13.902527442407253,engine
Mercury,4,218.44193357473407,-13.902946996293565,engine
Mercury,5,218.4430055923838,-13.903366543934006,engine
Mercury,6,218.44407763263195,-13.903786085628314,engine
Mercury,7,218.44514969407754,-13.904205620832236,engine
Mercury,8,218.44622177747593,-13.904625149845636,engine
Mercury,9,218.44729388247345,-13.90504467250894,engine
Mercury,10,218.44836600988523,-13.905464189196856,engine
Mercury,11,218.4494381593569,-13.905883699749896,engine
Mercury,12,218.45051033092358,-13.906303204186708,engine
Mercury,13,218.4515825246198,-13.90672270252598,engine
Mercury,14,218.45265474047997,-13.907142194786402,engine
Mercury,15,218.453726978538,-13.907561680986719,engine
Mercury,20,218.4590885032886,-13.909659021848777,engine
Mercury,30,218.46981323507885,-13.913853259560511,engine
Midheaven,-30,277.5140580914997,-23.256680424410405,engine
Midheaven,-20,280.0215787466458,-23.116696342559536,engine
Midheaven,-15,281.2754097627718,-23.03169544827882,engine
Midheaven,-10,282.5292866710141,-22.936691524199123,engine
Midheaven,-5,283.78320893848377,-22.831687645352858,engine
Midheaven,-2,284.5355834966479,-22.76388698197176,engine
Midheaven,-1,284.7863785171257,-22.74048725825412,engine
Midheaven,0,285.0371752747901,-22.71668785191947,engine
Midheaven,1,285.2879737601211,-22.69248880705894,engine
Midheaven,2,285.53877396532977,-22.66789016949379,engine
Midheaven,3,285.78957588109733,-22.642891987138036,engine
Midheaven,4,286.04037949797396,-22.617494309917106,engine
Midheaven,5,286.29118480777646,-22.591697189674395,engine
Midheaven,6,286.5419919685147,-22.56550066285449,engine
Midheaven,7,286.7928006349089,-22.538904820757523,engine
Midheaven,8,287.0436109661076,-22.511909704331956,engine
Midheaven,9,287.29442295154865,-22.484515374382397,engine
Midheaven,10,287.54523658240635,-22.45672189383875,engine
Midheaven,11,287.7960518478651,-22.428529328219053,engine
Midheaven,12,288.0468687388473,-22.399937745273217,engine
Midheaven,13,288.2976872442868,-22.370947215459346,engine
Midheaven,14,288.5485073548572,-22.341557811576806,engine
Midheaven,15,288.7993290597111,-22.311769609200372,engine
Midheaven,20,290.05346129315245,-22.156849432459616,engine
Midheaven,30,292.5618388515687,-21.81715077442116,engine
Moon,-30,338.073308035356,-15.887649948574262,engine
Moon,-20,338.1481931520756,-15.8590783804773,engine
Moon,-15,338.18529455791355,-15.844722393763984,engine
Moon,-10,338.22217234668386,-15.830318127112664,engine
Moon,-5,338.25882952268046,-15.81586449122522,engine
Moon,-2,338.28071919063643,-15.807168170677773,engine
Moon,-1,338.2879984799082,-15.80426532339491,engine
Moon,0,338.2952691170593,-15.801360425105603,engine
Moon,1,338.3025312332545,-15.798453467927304,engine
Moon,2,338.30978480184376,-15.795544443424758,engine
Moon,3,338.31702984900085,-15.792633343382482,engine
Moon,4,338.32426634827914,-15.78972015947217,engine
Moon,5,338.33149443160505,-15.786804883883716,engine
Moon,6,338.33871407772375,-15.783887506380099,engine
Moon,7,338.34592525089323,-15.780968022696785,engine
Moon,8,338.35312808846163,-15.778046423104293,engine
Moon,9,338.36032256474124,-15.775122699473638,engine
Moon,10,338.3675087069213,-15.7721968438522,engine
Moon,11,338.3746864895232,-15.769268848220994,engine
Moon,12,338.38185604578877,-15.766338704890243,engine
Moon,13,338.3890173505286,-15.763406405909405,engine
Moon,14,338.3961703786242,-15.760471943419734,engine
Moon,15,338.4033152639285,-15.757535309765599,engine
Moon,20,338.4389176423356,-15.742819301650366,engine
Moon,30,338.50952426094113,-15.713220086255669,engine
Neptune,-30,351.4538244829228,-4.947415552389768,engine
Neptune,-20,351.45375762918945,-4.947441541548369,engine
Neptune,-15,351.45372416675735,-4.947454534349217,engine
Neptune,-10,351.4536906801618,-4.947467525888978,engine
Neptune,-5,351.4536571690666,-4.947480516115799,engine
Neptune,-2,351.4536370505245,-4.947488309596337,engine
Neptune,-1,351.45363034234873,-4.947490907311079,engine
Neptune,0,351.4536236331683,-4.947493504970252,engine
Neptune,1,351.45361692298627,-4.947496102571287,engine
Neptune,2,351.453610211795,-4.947498700115841,engine
Neptune,3,351.4536034995975,-4.947501297601344,engine
Neptune,4,351.4535967863862,-4.947503895029458,engine
Neptune,5,351.45359007216416,-4.947506492397608,engine
Neptune,6,351.453583356922,-4.9475090897081335,engine
Neptune,7,351.45357664066387,-4.94751168695816,engine
Neptune,8,351.45356992338844,-4.947514284146841,engine
Neptune,9,351.45356320508824,-4.9475168812758445,engine
Neptune,10,351.45355648576646,-4.947519478342582,engine
Neptune,11,351.45354976541563,-4.947522075348718,engine
Neptune,12,351.45354304403907,-4.9475246722916655,engine
Neptune,13,351.45353632163204,-4.947527269172023,engine
Neptune,14,351.4535295981899,-4.947529865990391,engine
Neptune,15,351.4535228737158,-4.947532462744176,engine
Neptune,20,351.4534892357473,-4.947545445548943,engine
Neptune,30,351.45342188115234,-4.9475714061208755,engine
Orcus,-30,157.45058142621775,-11.793377827400022,tno-rate
Orcus,-20,157.45062485080655,-11.793446883360794,tno-rate
Orcus,-15,157.45064656310097,-11.79348141134118,tno-rate
Orcus,-10,157.45066827539537,-11.793515939321567,tno-rate
Orcus,-5,157.4506899876898,-11.793550467301953,tno-rate
Orcus,-2,157.45070301506644,-11.793571184090185,tno-rate
Orcus,-1,157.45070735752532,-11.793578089686262,tno-rate
Orcus,0,157.4507116999842,-11.79358499528234,tno-rate
Orcus,1,157.45071604244308,-11.793591900878416,tno-rate
Orcus,2,157.45072038490196,-11.793598806474494,tno-rate
Orcus,3,157.45072472736084,-11.79360571207057,tno-rate
Orcus,4,157.45072906981972,-11.793612617666648,tno-rate
Orcus,5,157.4507334122786,-11.793619523262725,tno-rate
Orcus,6,157.45073775473747,-11.793626428858802,tno-rate
Orcus,7,157.45074209719638,-11.79363333445488,tno-rate
Orcus,8,157.45074643965526,-11.793640240050957,tno-rate
Orcus,9,157.45075078211414,-11.793647145647034,tno-rate
Orcus,10,157.45075512457302,-11.793654051243111,tno-rate
Orcus,11,157.4507594670319,-11.79366095683919,tno-rate
Orcus,12,157.45076380949078,-11.793667862435267,tno-rate
Orcus,13,157.45076815194966,-11.793674768031345,tno-rate
Orcus,14,157.45077249440854,-11.793681673627422,tno-rate
Orcus,15,157.45077683686742,-11.793688579223499,tno-rate
Orcus,20,157.45079854916185,-11.793723107203885,tno-rate
Orcus,30,157.45084197375064,-11.793792163164657,tno-rate
Pallas,-30,341.65369506533585,-11.256348423765084,engine
Pallas,-20,341.65411938032156,-11.256924762011556,engine
Pallas,-15,341.6543312613674,-11.257212842922417,engine
Pallas,-10,341.65454296124767,-11.257500863635334,engine
Pallas,-5,341.6547544825854,-11.257788823249582,engine
Pallas,-2,341.6548813106576,-11.25796156921194,engine
Pallas,-1,341.65492357263963,-11.258019146172334,engine
Pallas,0,341.65496582775046,-11.258076720641279,engine
Pallas,1,341.6550080759269,-11.258134292584582,engine
Pallas,2,341.6550503171062,-11.25819186196803,engine
Pallas,3,341.65509255148095,-11.25824942883661,engine
Pallas,4,341.65513477890363,-11.258306993129796,engine
Pallas,5,341.65517699956695,-11.25836455489258,engine
Pallas,6,341.65521921343725,-11.258422114129452,engine
Pallas,7,341.655261420396,-11.258479670729113,engine
Pallas,8,341.65530362066494,-11.258537224775237,engine
Pallas,9,341.65534581418234,-11.25859477623377,engine
Pallas,10,341.655388000887,-11.258652325070669,engine
Pallas,11,341.6554301809727,-11.258709871331055,engine
Pallas,12,341.6554723542935,-11.258767414954553,engine
Pallas,13,341.6555145210436,-11.258824955986332,engine
Pallas,14,341.6555566810772,-11.258882494366047,engine
Pallas,15,341.65559883458906,-11.258940030138914,engine
Pallas,20,341.65580950377506,-11.259227669227425,engine
Pallas,30,341.656230361094,-11.259802745522704,engine
Part_of_Fortune,-30,130.22984191822422,10.272251241485229,engine
Part_of_Fortune,-20,136.35270974628986,12.65273800798475,engine
Part_of_Fortune,-15,139.31309896241788,13.751449922957903,engine
Part_of_Fortune,-10,142.20094789154004,14.78665698095356,engine
Part_of_Fortune,-5,145.01371660407517,15.757957372738959,engine
Part_of_Fortune,-2,146.6646507112553,16.31026052651341,engine
Part_of_Fortune,-1,147.20879212880112,16.489333113440445,engine
Part_of_Fortune,0,147.74984058941862,16.66591050945246,engine
Part_of_Fortune,1,148.28779335718946,16.8400057024491,engine
Part_of_Fortune,2,148.8226487671099,17.011632648419763,engine
Part_of_Fortune,3,149.3544063924058,17.180806214847152,engine
Part_of_Fortune,4,149.88306690561274,17.347542129496624,engine
Part_of_Fortune,5,150.40863225599676,17.51185692929789,engine
Part_of_Fortune,6,150.93110565932403,17.673768016806747,engine
Part_of_Fortune,7,151.45049032706387,17.833293180123203,engine
Part_of_Fortune,8,151.96679168809408,17.990451195454103,engine
Part_of_Fortune,9,152.48001562980906,18.145261344819524,engine
Part_of_Fortune,10,152.99016903168658,18.29774348192819,engine
Part_of_Fortune,11,153.49725961704496,18.447917986580435,engine
Part_of_Fortune,12,154.0012961371371,18.595805724302103,engine
Part_of_Fortune,13,154.5022880122138,18.741428003965986,engine
Part_of_Fortune,14,155.00024546353922,18.884806540220946,engine
Part_of_Fortune,15,155.49517963247092,19.0259634135623,engine
Part_of_Fortune,20,157.92493632454034,19.699216944282234,engine
Part_of_Fortune,30,162.56586928134294,20.89246702393615,engine
Part_of_Spirit,-30,269.4957586530571,6.484684257126407,engine
Part_of_Spirit,-20,275.48290735859786,8.804317729098704,engine
Part_of_Spirit,-15,278.3761210715653,9.872463178853586,engine
Part_of_Spirit,-10,281.1972429253427,10.877007594374119,engine
Part_of_Spirit,-5,283.9437270026612,11.817546980207043,engine
Part_of_Spirit,-2,285.55510019368523,12.351345429636249,engine
Part_of_Spirit,-1,286.08608927185327,12.524241663414033,engine
Part_of_Spirit,0,286.61400274719625,12.694638618748868,engine
Part_of_Spirit,1,287.1388376216081,12.862549267716034,engine
Part_of_Spirit,2,287.6605922835259,13.027987549374982,engine
Part_of_Spirit,3,288.1792662539677,13.190968314717763,engine
Part_of_Spirit,4,288.69486025850165,13.35150727479329,engine
Part_of_Spirit,5,289.20737598267874,13.509620950851115,engine
Part_of_Spirit,6,289.7168166858554,13.665326724664359,engine
Part_of_Spirit,7,290.2231856492349,13.818642376240575,engine
Part_of_Spirit,8,290.7264880280775,13.969586662018582,engine
Part_of_Spirit,9,291.2267297612873,14.11817884769981,engine
Part_of_Spirit,10,291.7239176740974,14.264438771026892,engine
Part_of_Spirit,11,292.21805954091576,14.408386795701214,engine
Part_of_Spirit,12,292.7091638466436,14.550043771807767,engine
Part_of_Spirit,13,293.1972400620413,14.689430992256968,engine
Part_of_Spirit,14,293.68229845874004,14.826570155918535,engine
Part_of_Spirit,15,294.16434991052046,14.961483327914978,engine
Part_of_Spirit,20,296.5299378968488,15.603452873461238,engine
Part_of_Spirit,30,301.04373368018685,16.733801567296084,engine
Pleiades,-30,56.87732834622653,24.106027886141128,engine
Pleiades,-20,56.87733009509668,24.10602727894196,engine
Pleiades,-15,56.87733099900461,24.106026985584155,engine
Pleiades,-10,56.877331922022734,24.10602669926536,engine
Pleiades,-5,56.877332863736186,24.106026420139653,engine
Pleiades,-2,56.8773334375618,24.10602625617977,engine
Pleiades,-1,56.87733363028268,24.10602620211952,engine
Pleiades,0,56.87733382372058,24.106026148357774,engine
Pleiades,1,56.87733401787206,24.106026094895665,engine
Pleiades,2,56.87733421273359,24.10602604173436,engine
Pleiades,3,56.87733440830165,24.10602598887504,engine
Pleiades,4,56.87733460457272,24.106025936318826,engine
Pleiades,5,56.87733480154323,24.106025884066863,engine
Pleiades,6,56.87733499920979,24.106025832120263,engine
Pleiades,7,56.877335197568534,24.106025780480238,engine
Pleiades,8,56.87733539661603,24.10602572914784,engine
Pleiades,9,56.87733559634867,24.106025678124233,engine
Pleiades,10,56.877335796762836,24.10602562741051,engine
Pleiades,11,56.87733599785493,24.106025577007767,engine
Pleiades,12,56.87733619962129,24.106025526917115,engine
Pleiades,13,56.87733640205826,24.10602547713966,engine
Pleiades,14,56.87733660516222,24.106025427676492,engine
Pleiades,15,56.87733680892943,24.10602537852867,engine
Pleiades,20,56.87733783758539,24.106025137557513,engine
Pleiades,30,56.87733994249422,24.106024679873197,engine
Pluto,-30,296.57049018066095,-22.90090672969624,engine
Pluto,-20,296.57062017409976,-22.900891028303896,engine
Pluto,-15,296.57068513188744,-22.900883169589672,engine
Pluto,-10,296.57075006408326,-22.900875305205574,engine
Pluto,-5,296.57081497099654,-22.900867434907077,engine
Pluto,-2,296.57085390312915,-22.90086270979057,engine
Pluto,-1,296.57086687851967,-22.900861134250544,engine
Pluto,0,296.5708798529239,-22.90085955845711,engine
Pluto,1,296.5708928263396,-22.900857982407803,engine
Pluto,2,296.5709057987744,-22.900856406101305,engine
Pluto,3,296.57091877022594,-22.90085482953518,engine
Pluto,4,296.57093174069956,-22.900853252707833,engine
Pluto,5,296.5709447102004,-22.900851675617663,engine
Pluto,6,296.570957678735,-22.900850098261202,engine
Pluto,7,296.5709706462938,-22.90084852063925,engine
Pluto,8,296.5709836128832,-22.900846942748355,engine
Pluto,9,296.5709965785085,-22.90084536458691,engine
Pluto,10,296.5710095431753,-22.900843786153377,engine
Pluto,11,296.5710225068813,-22.900842207445336,engine
Pluto,12,296.5710354696319,-22.900840628461243,engine
Pluto,13,296.57104843143264,-22.900839049199522,engine
Pluto,14,296.5710613922814,-22.900837469657805,engine
Pluto,15,296.5710743521837,-22.90083588983453,engine
Pluto,20,296.571139137617,-22.900827986430855,engine
Pluto,30,296.5712686392506,-22.90081215747338,engine
Polaris,-30,38.392130696765896,89.26546402795994,engine
Polaris,-20,38.39227382624615,89.26546357185282,engine
Polaris,-15,38.39234676488941,89.2654633759616,engine
Polaris,-10,38.39242057032184,89.26546320184697,engine
Polaris,-5,38.39249520518979,89.26546304974708,engine
Polaris,-2,38.392540368532174,89.26546296914941,engine
Polaris,-1,38.39255548489346,89.26546294407119,engine
Polaris,0,38.39257063170251,89.26546291988967,engine
Polaris,1,38.39258580865287,89.26546289660658,engine
Polaris,2,38.39260101543762,89.26546287422357,engine
Polaris,3,38.3926162517492,89.26546285274235,engine
Polaris,4,38.3926315172795,89.26546283216453,engine
Polaris,5,38.392646811719864,89.26546281249176,engine
Polaris,6,38.39266213477132,89.26546279372566,engine
Polaris,7,38.39267748610359,89.26546277586783,engine
Polaris,8,38.39269286541662,89.26546275891984,engine
Polaris,9,38.39270827239956,89.26546274288327,engine
Polaris,10,38.392723706741016,89.26546272775965,engine
Polaris,11,38.39273916812908,89.26546271355052,engine
Polaris,12,38.39275465625138,89.26546270025739,engine
Polaris,13,38.39277017079493,89.26546268788174,engine
Polaris,14,38.392785711446344,89.26546267642506,engine
Polaris,15,38.392801277891614,89.2654626658888,engine
Polaris,20,38.39287948601449,89.26546262706371,engine
Polaris,30,38.393037654916576,89.26546261923357,engine
Procyon,-30,114.82383152474648,5.219660427542975,engine
Procyon,-20,114.82383150647719,5.219660037152103,engine
Procyon,-15,114.82383153288949,5.2196598411549004,engine
Procyon,-10,114.82383158317838,5.219659644685804,engine
Procyon,-5,114.82383165746349,5.219659447791983,engine
Procyon,-2,114.82383171359827,5.219659329471571,engine
Procyon,-1,114.823831734242,5.219659290003025,engine
Procyon,0,114.82383175585306,5.21965925052091,engine
Procyon,1,114.82383177843222,5.2196592110256095,engine
Procyon,2,114.82383180198019,5.219659171517503,engine
Procyon,3,114.82383182649764,5.2196591319969725,engine
Procyon,4,114.82383185198528,5.219659092464399,engine
Procyon,5,114.82383187844373,5.219659052920168,engine
Procyon,6,114.82383190587369,5.219659013364631,engine
Procyon,7,114.82383193427576,5.219658973798227,engine
Procyon,8,114.82383196365053,5.219658934221311,engine
Procyon,9,114.82383199399862,5.219658894634267,engine
Procyon,10,114.82383202532057,5.219658855037479,engine
Procyon,11,114.82383205761694,5.219658815431326,engine
Procyon,12,114.82383209088823,5.219658775816203,engine
Procyon,13,114.82383212513503,5.219658736192478,engine
Procyon,14,114.82383216035778,5.219658696560548,engine
Procyon,15,114.82383219655698,5.2196586569207915,engine
Procyon,20,114.82383239221478,5.219658458618058,engine
Procyon,30,114.82383285698302,5.21965806164698,engine
Quaoar,-30,274.4099319859701,-15.52863279838395,tno-rate
Quaoar,-20,274.4100833632398,-15.52864196066183,tno-rate
Quaoar,-15,274.41015905187464,-15.52864654180077,tno-rate
Quaoar,-10,274.4102347405095,-15.52865112293971,tno-rate
Quaoar,-5,274.4103104291443,-15.52865570407865,tno-rate
Quaoar,-2,274.41035584232526,-15.528658452762015,tno-rate
Quaoar,-1,274.4103709800522,-15.528659368989802,tno-rate
Quaoar,0,274.4103861177792,-15.52866028521759,tno-rate
Quaoar,1,274.41040125550614,-15.528661201445379,tno-rate
Quaoar,2,274.4104163932331,-15.528662117673166,tno-rate
Quaoar,3,274.41043153096007,-15.528663033900955,tno-rate
Quaoar,4,274.4104466686871,-15.528663950128742,tno-rate
Quaoar,5,274.41046180641405,-15.52866486635653,tno-rate
Quaoar,6,274.410476944141,-15.52866578258432,tno-rate
Quaoar,7,274.410492081868,-15.528666698812106,tno-rate
Quaoar,8,274.41050721959493,-15.528667615039895,tno-rate
Quaoar,9,274.4105223573219,-15.528668531267684,tno-rate
Quaoar,10,274.41053749504886,-15.52866944749547,tno-rate
Quaoar,11,274.4105526327759,-15.52867036372326,tno-rate
Quaoar,12,274.41056777050284,-15.528671279951046,tno-rate
Quaoar,13,274.4105829082298,-15.528672196178835,tno-rate
Quaoar,14,274.41059804595676,-15.528673112406624,tno-rate
Quaoar,15,274.4106131836837,-15.528674028634411,tno-rate
Quaoar,20,274.4106888723186,-15.528678609773351,tno-rate
Quaoar,30,274.41084024958826,-15.528687772051232,tno-rate
Rahu,-30,59.37491618797755,20.45688684578327,engine
Rahu,-20,59.37483900473962,20.4568718808031,engine
Rahu,-15,59.37480025366012,20.45686436738626,engine
Rahu,-10,59.37476139644491,20.456856833384652,engine
Rahu,-5,59.37472243319272,20.456849278817387,engine
Rahu,-2,59.374699004403304,20.456844736217036,engine
Rahu,-1,59.3746911863368,20.45684322037415,engine
Rahu,0,59.374683364043214,20.456841703711437,engine
Rahu,1,59.37467553751276,20.456840186226984,engine
Rahu,2,59.37466770675179,20.456838667922025,engine
Rahu,3,59.37465987176643,20.456837148797742,engine
Rahu,4,59.37465203254715,20.456835628852286,engine
Rahu,5,59.37464418910002,20.45683410808683,engine
Rahu,6,59.37463634142075,20.456832586500546,engine
Rahu,7,59.3746284895266,20.4568310640968,engine
Rahu,8,59.37462063340207,20.456829540872555,engine
Rahu,9,59.37461277305378,20.45682801682912,engine
Rahu,10,59.37460490848782,20.45682649196765,engine
Rahu,11,59.374597039694585,20.4568249662863,engine
Rahu,12,59.3745891666804,20.456823439786287,engine
Rahu,13,59.37458128944614,20.456821912467785,engine
Rahu,14,59.37457340799806,20.456820384331998,engine
Rahu,15,59.374565522326634,20.456818855377087,engine
Rahu,20,59.37452603073097,20.45681119833726,engine
Rahu,30,59.37444673175045,20.456795823009234,engine
Regulus,-30,152.0905358455868,11.96751931519538,engine
Regulus,-20,152.09053466648948,11.967518796895803,engine
Regulus,-15,152.09053409981104,11.96751853178908,engine
Regulus,-10,152.0905335489519,11.967518262802523,engine
Regulus,-5,152.09053301433187,11.967517990006952,engine
Regulus,-2,152.09053270152646,11.967517824531495,engine
Regulus,-1,152.0905325986053,11.967517769076862,engine
Regulus,0,152.09053249636315,11.967517713475152,engine
Regulus,1,152.0905323948033,11.967517657726969,engine
Regulus,2,152.09053229392887,11.96751760183291,engine
Regulus,3,152.09053219374306,11.967517545793587,engine
Regulus,4,152.09053209424906,11.967517489609612,engine
Regulus,5,152.09053199544994,11.967517433281593,engine
Regulus,6,152.09053189734888,11.967517376810116,engine
Regulus,7,152.0905317999491,11.967517320195864,engine
Regulus,8,152.09053170325365,11.967517263439428,engine
Regulus,9,152.09053160726563,11.967517206541425,engine
Regulus,10,152.09053151198816,11.96751714950249,engine
Regulus,11,152.09053141742424,11.967517092323249,engine
Regulus,12,152.09053132357698,11.967517035004326,engine
Regulus,13,152.09053123044941,11.967516977546369,engine
Regulus,14,152.09053113804458,11.967516919950004,engine
Regulus,15,152.0905310463655,11.96751686221588,engine
Regulus,20,152.0905305989611,11.967516571501339,engine
Regulus,30,152.09052976027976,11.967515980115381,engine
Rigel,-30,78.63951626789306,-8.199871098199933,engine
Rigel,-20,78.63951738690123,-8.199871089843343,engine
Rigel,-15,78.63951798098401,-8.199871087475126,engine
Rigel,-10,78.63951859785206,-8.19987108640843,engine
Rigel,-5,78.63951923729151,-8.199871086713603,engine
Rigel,-2,78.6395196316963,-8.199871087584217,engine
Rigel,-1,78.63951976494366,-8.199871087992332,engine
Rigel,0,78.6395198990774,-8.199871088460327,engine
Rigel,1,78.63952003409563,-8.19987108898874,engine
Rigel,2,78.63952016999639,-8.199871089578128,engine
Rigel,3,78.63952030677774,-8.199871090229037,engine
Rigel,4,78.63952044443771,-8.199871090942013,engine
Rigel,5,78.63952058297428,-8.199871091717597,engine
Rigel,6,78.63952072238561,-8.199871092556343,engine
Rigel,7,78.63952086266946,-8.199871093458782,engine
Rigel,8,78.63952100382386,-8.199871094425465,engine
Rigel,9,78.6395211458468,-8.199871095456926,engine
Rigel,10,78.63952128873618,-8.199871096553705,engine
Rigel,11,78.63952143248993,-8.199871097716343,engine
Rigel,12,78.63952157710592,-8.199871098945374,engine
Rigel,13,78.6395217225821,-8.199871100241332,engine
Rigel,14,78.63952186891626,-8.199871101604755,engine
Rigel,15,78.63952201610628,-8.19987110303617,engine
Rigel,20,78.63952276481788,-8.199871111231737,engine
Rigel,30,78.63952432514645,-8.199871133025006,engine
Saturn,-30,310.0812411352298,-19.194236671821116,engine
Saturn,-20,310.08161327395004,-19.194143546067306,engine
Saturn,-15,310.08179928391206,-19.194096953810906,engine
Saturn,-10,310.0819852556337,-19.194050341465537,engine
Saturn,-5,310.0821711902714,-19.194003708638586,engine
Saturn,-2,310.08228273369696,-19.193975718962747,engine
Saturn,-1,310.082319911997,-19.193966387390585,engine
Saturn,0,310.082357088894,-19.193957054972994,engine
Saturn,1,310.08239426441156,-19.19394772170409,engine
Saturn,2,310.08243143853,-19.19393838758705,engine
Saturn,3,310.08246861127316,-19.193929052616,engine
Saturn,4,310.08250578265034,-19.19391971678813,engine
Saturn,5,310.082542952671,-19.193910380100604,engine
Saturn,6,310.082580121384,-19.193901042541352,engine
Saturn,7,310.0826172887199,-19.19389170412612,engine
Saturn,8,310.08265445472773,-19.193882364842853,engine
Saturn,9,310.08269161941706,-19.19387302468879,engine
Saturn,10,310.0827287827974,-19.193863683661178,engine
Saturn,11,310.08276594489297,-19.193854341754253,engine
Saturn,12,310.0828031056844,-19.19384499897131,engine
Saturn,13,310.0828402651959,-19.19383565530664,engine
Saturn,14,310.08287742343725,-19.19382631075752,engine
Saturn,15,310.0829145804183,-19.193816965321272,engine
Saturn,20,310.0831003468028,-19.1937702247306,engine
Saturn,30,310.08347179071825,-19.19367667552244,engine
Sedna,-30,58.93692847367146,8.069004685839923,tno-rate
Sedna,-20,58.93685841301339,8.068988525568304,tno-rate
Sedna,-15,58.93682338268436,8.068980445432494,tno-rate
Sedna,-10,58.93678835235533,8.068972365296684,tno-rate
Sedna,-5,58.9367533220263,8.068964285160876,tno-rate
Sedna,-2,58.93673230382888,8.06895943707939,tno-rate
Sedna,-1,58.936725297763076,8.068957821052228,tno-rate
Sedna,0,58.93671829169727,8.068956205025065,tno-rate
Sedna,1,58.93671128563146,8.068954588997903,tno-rate
Sedna,2,58.93670427956565,8.068952972970742,tno-rate
Sedna,3,58.93669727349985,8.068951356943579,tno-rate
Sedna,4,58.936690267434045,8.068949740916418,tno-rate
Sedna,5,58.93668326136824,8.068948124889255,tno-rate
Sedna,6,58.93667625530243,8.068946508862094,tno-rate
Sedna,7,58.93666924923662,8.068944892834931,tno-rate
Sedna,8,58.936662243170815,8.06894327680777,tno-rate
Sedna,9,58.936655237105015,8.068941660780608,tno-rate
Sedna,10,58.93664823103921,8.068940044753447,tno-rate
Sedna,11,58.9366412249734,8.068938428726284,tno-rate
Sedna,12,58.93663421890759,8.068936812699123,tno-rate
Sedna,13,58.936627212841785,8.06893519667196,tno-rate
Sedna,14,58.936620206775984,8.0689335806448,tno-rate
Sedna,15,58.93661320071018,8.068931964617637,tno-rate
Sedna,20,58.936578170381146,8.068923884481826,tno-rate
Sedna,30,58.93650810972308,8.068907724210208,tno-rate
Sirius,-30,101.28762079713947,-16.72102539346936,engine
Sirius,-20,101.28762123728848,-16.721025079472216,engine
Sirius,-15,101.28762149563882,-16.72102492211281,engine
Sirius,-10,101.28762177951802,-16.721024764718447,engine
Sirius,-5,101.2876220889196,-16.721024607443255,engine
Sirius,-2,101.28762228680397,-16.7210245131995,engine
Sirius,-1,101.28762235480475,-16.72102448181254,engine
Sirius,0,101.28762242382474,-16.721024450441437,engine
Sirius,1,101.28762249386371,-16.721024419087435,engine
Sirius,2,101.2876225649213,-16.721024387751754,engine
Sirius,3,101.2876226369972,-16.721024356435635,engine
Sirius,4,101.28762271009109,-16.721024325140306,engine
Sirius,5,101.28762278420255,-16.721024293866993,engine
Sirius,6,101.28762285933131,-16.721024262616908,engine
Sirius,7,101.28762293547682,-16.721024231391326,engine
Sirius,8,101.2876230126387,-16.72102420019145,engine
Sirius,9,101.28762309081657,-16.721024169018506,engine
Sirius,10,101.2876231700099,-16.721024137873727,engine
Sirius,11,101.28762325021825,-16.721024106758342,engine
Sirius,12,101.28762333144108,-16.72102407567357,engine
Sirius,13,101.28762341367792,-16.721024044620645,engine
Sirius,14,101.28762349692819,-16.721024013600786,engine
Sirius,15,101.28762358119134,-16.72102398261523,engine
Sirius,20,101.28762401767952,-16.721023828244643,engine
Sirius,30,101.28762496624535,-16.721023522777937,engine
Spica,-30,201.2931897041152,-11.159524426268502,engine
Spica,-20,201.2931877822337,-11.159524614557313,engine
Spica,-15,201.29318681377134,-11.15952470168052,engine
Spica,-10,201.29318584100892,-11.159524784097048,engine
Spica,-5,201.2931848644844,-11.15952486179035,engine
Spica,-2,201.29318427698863,-11.159524906133113,engine
Spica,-1,201.29318408091913,-11.159524920534547,engine
Spica,0,201.29318388473808,-11.159524934746075,engine
Spica,1,201.29318368844983,-11.159524948767615,engine
Spica,2,201.29318349205872,-11.159524962599079,engine
Spica,3,201.29318329556904,-11.15952497624038,engine
Spica,4,201.2931830989852,-11.159524989691445,engine
Spica,5,201.2931829023115,-11.1595250029522,engine
Spica,6,201.29318270555214,-11.159525016022585,engine
Spica,7,201.2931825087118,-11.1595250289025,engine
Spica,8,201.29318231179462,-11.159525041591914,engine
Spica,9,201.29318211480503,-11.159525054090754,engine
Spica,10,201.2931819177473,-11.159525066398958,engine
Spica,11,201.29318172062588,-11.159525078516484,engine
Spica,12,201.29318152344504,-11.159525090443278,engine
Spica,13,201.29318132620918,-11.159525102179295,engine
Spica,14,201.29318112892264,-11.159525113724499,engine
Spica,15,201.2931809315898,-11.159525125078847,engine
Spica,20,201.29317994438335,-11.159525178986671,engine
Spica,30,201.29317796900528,-11.159525272476724,engine
Sun,-30,227.70626640277243,-17.781433440753673,engine
Sun,-20,227.71329195822958,-17.783288519920323,engine
Sun,-15,227.71680561248726,-17.784215765816143,engine
Sun,-10,227.72031986358522,-17.785142820402385,engine
Sun,-5,227.72383472197347,-17.786069687491178,engine
Sun,-2,227.72594393185142,-17.786625719116355,engine
Sun,-1,227.72664705143427,-17.786811048408115,engine
Sun,0,227.72735019594813,-17.7869963704574,engine
Sun,1,227.72805336546384,-17.787181685293838,engine
Sun,2,227.72875656005175,-17.78736699294715,engine
Sun,3,227.7294597797818,-17.787552293447177,engine
Sun,4,227.7301630247236,-17.787737586823837,engine
Sun,5,227.73086629494603,-17.787922873107103,engine
Sun,6,227.73156959098944,-17.788108152451294,engine
Sun,7,227.73227291197873,-17.7882934246381,engine
Sun,8,227.73297625845333,-17.788478689822053,engine
Sun,9,227.73367963048037,-17.788663948033495,engine
Sun,10,227.73438302812667,-17.78884919930285,engine
Sun,11,227.73508645145859,-17.789034443660604,engine
Sun,12,227.73578990054202,-17.78921968113741,engine
Sun,13,227.73649337544236,-17.789404911763913,engine
Sun,14,227.73719687622463,-17.78959013557094,engine
Sun,15,227.73790040295327,-17.78977535258926,engine
Sun,20,227.74141842848982,-17.790701337060863,engine
Sun,30,227.7484564603631,-17.792552814575703,engine
Transpluto,-30,155.19834011724598,10.30579392674612,engine
Transpluto,-20,155.1983606308736,10.305786081199479,engine
Transpluto,-15,155.19837088492966,10.305782159509723,engine
Transpluto,-10,155.1983811371451,10.305778238543095,engine
Transpluto,-5,155.19839138752258,10.30577431829878,engine
Transpluto,-2,155.1983975368652,10.305771966499501,engine
Transpluto,-1,155.19839958649885,10.305771182624273,engine
Transpluto,0,155.19840163605897,10.305770398777936,engine
Transpluto,1,155.19840368554554,10.305769614960496,engine
Transpluto,2,155.19840573495847,10.305768831171987,engine
Transpluto,3,155.19840778429776,10.305768047412457,engine
Transpluto,4,155.1984098335635,10.305767263681822,engine
Transpluto,5,155.19841188275564,10.305766479980077,engine
Transpluto,6,155.19841393187556,10.30576569630677,engine
Transpluto,7,155.19841598092046,10.305764912662914,engine
Transpluto,8,155.19841802989177,10.305764129047986,engine
Transpluto,9,155.1984200787895,10.305763345461939,engine
Transpluto,10,155.19842212761353,10.305762561904912,engine
Transpluto,11,155.1984241763641,10.305761778376763,engine
Transpluto,12,155.19842622504095,10.305760994877536,engine
Transpluto,13,155.19842827364425,10.305760211407271,engine
Transpluto,14,155.19843032217383,10.30575942796591,engine
Transpluto,15,155.19843237062992,10.305758644553485,engine
Transpluto,20,155.19844261180722,10.305754727924972,engine
Transpluto,30,155.19846308863725,10.30574689683951,engine
Uranus,-30,39.86128066539688,15.084158360638417,engine
Uranus,-20,39.8610043675484,15.084073510560705,engine
Uranus,-15,39.860866192157374,15.084031101647179,engine
Uranus,-10,39.86072799797802,15.08398870334595,engine
Uranus,-5,39.86058978409305,15.083946315525306,engine
Uranus,-2,39.860506845974434,15.083920887822204,engine
Uranus,-1,39.86047919825443,15.083912412744125,engine
Uranus,0,39.86045154969088,15.083903938078384,engine
Uranus,1,39.86042390027171,15.083895463822255,engine
Uranus,2,39.86039624998485,15.083886989973001,engine
Uranus,3,39.86036859883425,15.083878516533,engine
Uranus,4,39.860340946807874,15.08387004349948,engine
Uranus,5,39.86031329389902,15.083861570871399,engine
Uranus,6,39.86028564007716,15.083853098640292,engine
Uranus,7,39.86025798538341,15.083844626819884,engine
Uranus,8,39.86023032978726,15.083836155401698,engine
Uranus,9,39.860202673276746,15.08382768438293,engine
Uranus,10,39.86017501585597,15.08381921376593,engine
Uranus,11,39.860147357513036,15.083810743547861,engine
Uranus,12,39.86011969824138,15.083802273727644,engine
Uranus,13,39.86009203802909,15.083793804302438,engine
Uranus,14,39.8600643768804,15.083785335274545,engine
Uranus,15,39.86003671478342,15.083776866641125,engine
Uranus,20,39.85989838981929,15.08373452934208,engine
Uranus,30,39.85962166514058,15.08364988367542,engine
Vega,-30,279.23137040150203,38.78903280741942,engine
Vega,-20,279.23136976747685,38.789033783023875,engine
Vega,-15,279.23136940341533,38.78903427069711,engine
Vega,-10,279.2313690080063,38.78903475783711,engine
Vega,-5,279.2313685812824,38.789035244108966,engine
Vega,-2,279.23136831023606,38.78903553531606,engine
Vega,-1,279.231368217388,38.78903563227639,engine
Vega,0,279.23136812329125,38.78903572917788,engine
Vega,1,279.23136802794613,38.789035826017916,engine
Vega,2,279.23136793135336,38.78903592279379,engine
Vega,3,279.23136783351356,38.78903601950286,engine
Vega,4,279.2313677344273,38.789036116142434,engine
Vega,5,279.2313676340952,38.789036212709846,engine
Vega,6,279.23136753251794,38.78903630920253,engine
Vega,7,279.23136742969626,38.789036405617665,engine
Vega,8,279.2313673256309,38.78903650195263,engine
Vega,9,279.2313672203225,38.78903659820484,engine
Vega,10,279.23136711377185,38.78903669437157,engine
Vega,11,279.23136700597985,38.78903679045017,engine
Vega,12,279.2313668969471,38.789036886438026,engine
Vega,13,279.2313667866747,38.789036982332455,engine
Vega,14,279.2313666751632,38.7890370781308,engine
Vega,15,279.2313665624137,38.789037173830415,engine
Vega,20,279.23136598012786,38.78903765075514,engine
Vega,30,279.23136472327644,38.78903859568244,engine
Venus,-30,277.0705963994797,-27.09291807895976,engine
Venus,-20,277.0773435281273,-27.09254833903403,engine
Venus,-15,277.08071689529004,-27.092362498313076,engine
Venus,-10,277.0840901692381,-27.092176011013116,engine
Venus,-5,277.0874633801054,-27.091988877793654,engine
Venus,-2,277.0894872878727,-27.09187628826859,engine
Venus,-1,277.0901619219747,-27.09183870691116,engine
Venus,0,277.0908365558011,-27.091801099756275,engine
Venus,1,277.09151118921017,-27.091763466900023,engine
Venus,2,277.09218582280624,-27.091725808268613,engine
Venus,3,277.09286045644717,-27.09168812395894,engine
Venus,4,277.0935350907375,-27.091650413898105,engine
Venus,5,277.0942097257211,-27.091612678141203,engine
Venus,6,277.09488436189463,-27.091574916718436,engine
Venus,7,277.09555899895724,-27.091537129608735,engine
Venus,8,277.09623363721835,-27.091499316885695,engine
Venus,9,277.09690827728184,-27.09146147847843,engine
Venus,10,277.097582919191,-27.091423614444153,engine
Venus,11,277.0982575629893,-27.091385724840364,engine
Venus,12,277.09893220927995,-27.091347809597448,engine
Venus,13,277.09960685791924,-27.09130986881629,engine
Venus,14,277.1002815095102,-27.091271902428073,engine
Venus,15,277.1009561640954,-27.09123391049204,engine
Venus,20,277.1043294900305,-27.09104356826456,engine
Venus,30,277.111076497105,-27.090660978455528,engine
Vertex,-30,185.74021244612229,-2.4823527106049093,engine
Vertex,-20,187.66566305034453,-3.3091506002475297,engine
Vertex,-15,188.6290298640472,-3.7209892383170824,engine
Vertex,-10,189.5929023147532,-4.131610263449465,engine
Vertex,-5,190.55733965196652,-4.540881882642759,engine
Vertex,-2,191.13629773175822,-4.785742573299238,engine
Vertex,-1,191.32933590980565,-4.8672395076324575,engine
Vertex,0,191.522400960909,-4.9486730640977195,engine
Vertex,1,191.71549336344097,-5.030042206996717,engine
Vertex,2,191.90861359787655,-5.111345903056518,engine
Vertex,3,192.10176214429234,-5.1925831203946915,engine
Vertex,4,192.29493948345325,-5.2737528289968685,engine
Vertex,5,192.48814609789974,-5.354854001191275,engine
Vertex,6,192.681382599037,-5.435885664930977,engine
Vertex,7,192.87464921131627,-5.5168466875653595,engine
Vertex,8,193.0679465486509,-5.597736101439322,engine
Vertex,9,193.26127509504815,-5.678552886065014,engine
Vertex,10,193.45463533670426,-5.7592960235563515,engine
Vertex,11,193.64802775914214,-5.839964497449563,engine
Vertex,12,193.84145285009518,-5.92055729392358,engine
Vertex,13,194.03491109664455,-6.001073400622025,engine
Vertex,14,194.2284029881039,-6.081511807871175,engine
Vertex,15,194.4219290135155,-6.161871507652573,engine
Vertex,20,195.39008846554003,-6.562454322004121,engine
Vertex,30,197.32925111282685,-7.357143519814905,engine
Vesta,-30,236.0871859972361,-16.352310368658156,engine
Vesta,-20,236.09092499298242,-16.3532841401255,engine
Vesta,-15,236.0927947136074,-16.353770923851894,engine
Vesta,-10,236.0946645877009,-16.354257640617412,engine
Vesta,-5,236.09653461934923,-16.354744291333656,engine
Vesta,-2,236.09765671525292,-16.355036250351578,engine
Vesta,-1,236.0980307602827,-16.35513356485045,engine
Vesta,0,236.09840481187499,-16.355230876768992,engine
Vesta,1,236.09877887005862,-16.355328186114395,engine
Vesta,2,236.09915293475981,-16.355425492862,engine
Vesta,3,236.09952700621267,-16.355522797082806,engine
Vesta,4,236.0999010843433,-16.355620098752205,engine
Vesta,5,236.10027516917998,-16.355717397877548,engine
Vesta,6,236.10064926100208,-16.355814694531393,engine
Vesta,7,236.10102335923344,-16.355911988558766,engine
Vesta,8,236.1013974643585,-16.356009280096107,engine
Vesta,9,236.10177157630264,-16.356106569118957,engine
Vesta,10,236.10214569509372,-16.35620385563481,engine
Vesta,11,236.10251982065674,-16.35630113961931,engine
Vesta,12,236.10289395322494,-16.356398421143762,engine
Vesta,13,236.10326809272317,-16.356495700183864,engine
Vesta,14,236.1036422391788,-16.356592976747233,engine
Vesta,15,236.10401639251634,-16.356690250809645,engine
Vesta,20,236.10588726558416,-16.35717658454803,engine
Vesta,30,236.10962955041978,-16.35814907120028,engine
