body,ra_m30,dec_m30,ra_m2,dec_m2,ra_0,dec_0,ra_p2,dec_p2,ra_p30,dec_p30,source
Aldebaran,68.98361548679901,16.508792594823564,68.98361288109963,16.508789861088452,68.98361274457575,16.508789660720154,68.98361261477918,16.508789459756716,68.98361151383443,16.50878659290267,engine
Antares,247.34852685894975,-26.43207536264209,247.34852935871353,-26.43207957651233,247.34852948360037,-26.432079884941977,247.34852960121862,-26.43208019422919,247.34853047515605,-26.43208459992075,engine
Ceres,108.08829216978589,23.2642424640552,108.09383807369724,23.264509127087425,108.09423469744489,23.26452827054288,108.09463138478219,23.26454742802322,108.10019148494965,23.264817226960123,engine
Chiron,26.868368366280613,11.266353659562203,26.867587047212023,11.266028684404525,26.867531252824822,11.266005488578081,26.867475459727554,11.265982294997736,26.866694427915803,11.265657821901863,engine
Eris,27.145643358976926,-0.058929145577058445,27.145477132984464,-0.05899415315727333,27.14546525969929,-0.05899879655586011,27.145453386414115,-0.05900343995444689,27.145287160421653,-0.05906844753466177,tno-rate
Fomalhaut,344.42074972365265,-29.622743235049995,344.4207598501494,-29.622741719517848,344.4207605995555,-29.622741633734307,344.4207613521107,-29.622741551014006,344.4207721830069,-29.622740720662105,engine
Juno,296.68335160066135,-12.671646732880173,296.6858559007431,-12.673213199711148,296.68603423171123,-12.673325022121332,296.6862124909229,-12.673436834619151,296.6887007440312,-12.67500108315481,engine
Jupiter,142.40775245757547,15.450790203522514,142.4110891358585,15.449758742124535,142.4113276895068,15.449685053696475,142.41156627288308,15.44961136396149,142.4149095924012,15.448579612661579,engine
Ketu,150.83541009962488,11.928307191923968,150.8356810356173,11.928209014257327,150.8357005969719,11.928201925900714,150.83572018598704,11.928194827519482,150.83599731781067,11.928094404385812,engine
Mars,125.78684823507201,20.47616241329532,125.79858439753737,20.473824312889754,125.79942354892722,20.47365733251075,125.80026281308474,20.47349035755676,125.81202423659019,20.47115346174862,engine
Mercury,211.54964340966148,-15.0430125477494,211.5722794642986,-15.053270199226189,211.57389637492022,-15.054002339726113,211.57551330000004,-15.054734407646432,211.59815253623626,-15.064975785864597,engine
Moon,111.65627567120706,24.846697718565053,112.00441545697322,24.742222068160288,112.02976887856362,24.734845849962944,112.05518543719172,24.727482173704658,112.41745615824767,24.625811832911484,engine
Neptune,2.762251502834555,-0.3511671843117603,2.761777220329499,-0.35137883478826193,2.76174334555353,-0.35139395225026354,2.761709470679155,-0.35140906965519714,2.7612351662189973,-0.3516207073330718,engine
Pallas,21.035958020817027,-13.419913180018671,21.032561747364532,-13.425197417932797,21.03231881388803,-13.425574994230908,21.032075830148763,-13.425952587509265,21.02866834618164,-13.431240627934576,engine
Pluto,306.0760439188357,-23.72268333903643,306.0759365354148,-23.722701992782522,306.07592881806534,-23.722703340087147,306.0759210941593,-23.722704689252623,306.0758122439253,-23.722723759133203,engine
Rahu,330.8354100996249,-11.928307191923968,330.8356810356173,-11.928209014257327,330.8357005969719,-11.928201925900714,330.83572018598704,-11.928194827519482,330.83599731781067,-11.928094404385812,engine
Regulus,152.08703871445135,11.968731472901467,152.0870291892328,11.968731607417316,152.087028496172,11.968731606868353,152.08702780173488,11.968731604950465,152.08701796866092,11.968731433266989,engine
Saturn,11.122622437567339,1.8321782125260302,11.121252289742866,1.8315759173101054,11.121154362397327,1.8315329029082377,11.121056426102774,1.831489889390591,11.11968427294405,1.8308877905170304,engine
Sun,189.84432784624087,-4.238957972637434,189.86174686214102,-4.246448841148408,189.862991920877,-4.2469838037923555,189.86423709901553,-4.247518753565925,189.88168282384822,-4.255006742815206,engine
Uranus,63.1836093571816,20.993676785188693,63.18322740147335,20.99360505811776,63.183200180867225,20.993599953868983,63.18317296812494,20.99359485231965,63.182792770943756,20.993523728978975,engine
Venus,213.1991300190049,-21.119634160583008,213.1969454155339,-21.120538745384255,213.19678992654775,-21.12060157715208,213.19663454024612,-21.12066417413586,213.1944726008579,-21.121516161904285,engine
Vesta,24.623727110609934,-2.5120163414242764,24.61958331036824,-2.5139821027077005,24.619286950608114,-2.514122536187368,24.618990535653104,-2.5142629724389853,24.614834349572714,-2.5162293695286273,engine
Gonggong,337.36039383580925,-10.257722501474921,337.3602502466938,-10.257771611466909,337.3602399903284,-10.25777511932348,337.360229733963,-10.25777862718005,337.36008614484757,-10.257827737172038,tno-rate
Haumea,220.0462119868305,13.629868563515812,220.0465691406356,13.629671718032832,220.0465946516217,13.62965765764119,220.04662016260778,13.629643597249547,220.04697731641286,13.629446751766567,tno-rate
Makemake,201.60446075243942,19.793171429238694,201.60483452325545,19.79299864996488,201.6048612211709,19.79298630858818,201.60488791908634,19.79297396721148,201.60526168990236,19.792801187937666,tno-rate
Orcus,161.17685071881607,-13.533944382348269,161.17720195982474,-13.534159285844938,161.1772270484682,-13.5341746360947,161.17725213711168,-13.534189986344463,161.17760337812035,-13.534404889841133,tno-rate
Quaoar,280.54933590756923,-15.079234294418276,280.54942518329955,-15.079294175670807,280.5494315601374,-15.07929845290313,280.54943793697527,-15.079302730135453,280.5495272127056,-15.079362611387984,tno-rate
Sedna,62.33061680042926,8.864794285304784,62.33051232265057,8.86473535059853,62.33050485995209,8.864731140976653,62.330497397253616,8.864726931354777,62.330392919474924,8.864667996648523,tno-rate
Transpluto,156.49072307146858,9.809532503424204,156.49088735358015,9.809469009247914,156.49089908681916,9.809464474371977,156.49091081989863,9.809459939552346,156.49107506628027,9.809396457981604,engine
Part_of_Fortune,233.9217103962702,11.25855451152054,241.3981636721809,13.190774942041436,241.93321749120958,13.340012420439868,242.4684011986859,13.490706409824815,249.9739125733219,15.748136703564622,engine
Part_of_Spirit,30.29781474633785,-46.91275687088444,37.11282648251654,-44.786566876575954,37.5996635758363,-44.62364688707073,38.086504522333485,-44.459295444716346,44.90236590452304,-42.01350044788876,engine
Ascendant,312.10976257130403,-17.827101179681947,319.2554950773487,-15.797895967267259,319.76644053352294,-15.64181723331543,320.2774528605097,-15.484294517445766,327.4381392389225,-13.132681872162067,engine
Midheaven,223.09032595684286,-16.495505112488107,230.1015617129308,-18.39480451594247,230.60237120089243,-18.51944137453087,231.10318253709946,-18.642580835022574,238.1148299440835,-20.207094367492306,engine
Vertex,174.95871401885364,2.181769508115542,175.5742184050437,1.9162122212601047,175.6200248337839,1.8964365456809273,175.66606084339966,1.8765600790488213,176.33299484890932,1.588427586166581,engine
Algol,47.04786641746674,40.95537117057589,47.04786784092637,40.95536491839957,47.04786801003766,40.95536447242849,47.04786818812783,40.955364026747326,47.04787161996262,40.955357839412486,engine
Pleiades,56.875333457308535,24.10534625085877,56.87533287006615,24.105342266832004,56.87533288325156,24.10534197912459,56.875332903836835,24.10534169112798,56.87533397178434,24.105337642418075,engine
Capella,79.17606066796306,45.99293983588835,79.17605481470356,45.9929336108794,79.17605445933077,45.99293314732414,79.17605411255133,45.99293268144436,79.17605018143728,45.9929259364928,engine
Sirius,101.2831121149934,-16.72160468242197,101.28310483368956,-16.721603045797124,101.28310434538362,-16.721602917059695,101.2831038615787,-16.721602786799195,101.28309758705821,-16.721600809493673,engine
Procyon,114.81910457922118,5.219023725824896,114.81909628342338,5.219023135097863,114.81909571098808,5.219023088732512,114.81909514152669,5.219023041823327,114.81908751092622,5.219022329452268,engine
Alkaid,206.8761155552105,49.315597901693444,206.87610905343624,49.31560417980191,206.876108516129,49.31560461438549,206.87610796928374,49.31560504689928,206.8760993340629,49.31561086203645,engine
Algorab,187.459064985558,-16.514220276476557,187.45905788197712,-16.514222284625014,187.4590573341925,-16.514222418568377,187.45905678124132,-16.514222551177394,187.45904852202366,-16.51422426086148,engine
Spica,201.29274096498102,-11.159531018735201,201.2927358426208,-11.159532722197508,201.2927354303513,-11.159532839358793,201.292735012046,-11.15953295586314,201.29272853960472,-11.159534512383448,engine
Arcturus,213.90161508276822,19.170264841642243,213.90161170832053,19.170267576021434,213.90161141498072,19.170267767348005,213.90161111475263,19.17026795804296,213.90160619954227,19.170270551140593,engine
Alphecca,233.66862037907418,26.71754748503109,233.66862039488316,26.717551579221716,233.66862033926617,26.717551874011043,233.66862027605265,26.71755216897178,233.66861859267917,26.7175563015002,engine
Vega,279.23627835468756,38.79077487630395,279.2362869996955,38.790778877126606,279.23628757629115,38.79077918785516,279.236288147119,38.7907795017851,279.2362955019945,38.790784218691456,engine
Deneb Algedi,326.76597272798256,-16.128392835947178,326.7659825203551,-16.128392846983804,326.76598322790335,-16.128392861671987,326.7659839362037,-16.128392878225217,326.7659938968235,-16.12839330643585,engine
Rigel,78.63656294126149,-8.198767629253233,78.63655891506595,-8.198766565372674,78.6365586717522,-8.19876648558963,78.63655843450091,-8.198766405339715,78.63655576434721,-8.198765237032427,engine
Betelgeuse,88.79435202394987,7.408696413249902,88.79434655050568,7.40869526649235,88.79434619842218,7.408695180377023,88.79434585172794,7.408695093733,88.79434158374286,7.408693828715542,engine
Polaris,38.341028615697745,89.26177980439812,38.34122124878242,89.2617707142735,38.34123890563639,89.26177007351167,38.341257077678705,89.26176943419938,38.341564947370415,89.26176066830135,engine
Castor,113.64660201127545,31.886408983029042,113.64659239713822,31.886406363907664,113.64659173513598,31.886406152388087,113.64659107676815,31.886405937681474,113.64658227556421,31.886402605686634,engine
Altair,297.7012176558228,8.874141292076347,297.70122623726286,8.874141770082886,297.7012268323485,8.874141811683337,297.7012274247514,8.874141854261039,297.70123540611485,8.87414255085518,engine
Bellatrix,81.28455928800292,6.351274325683395,81.284554885413,6.351273247966035,81.28455461377763,6.351273167981198,81.28455434802515,6.351273087625804,81.28455126131472,6.351271927021873,engine
