body,ra,dec
Aldebaran,68.97915574472975,16.50760669246237
Algol,47.03816658075802,40.95667671454084
Algorab,187.4702217481008,-16.51793536967901
Alkaid,206.890871472743,49.30953586455738
Alphecca,233.6755176578309,26.71018867177471
Altair,297.6956350587095,8.867365426886561
Antares,247.3534363583846,-26.43191404176927
Arcturus,213.9136446482914,19.16905433928365
Bellatrix,81.28254939432482,6.347961836796355
Betelgeuse,88.79359489821016,7.405542976833057
Capella,79.17232224209687,45.99799180345675
Castor,113.6514233315604,31.88800097497001
Ceres,130.5488879370928,31.93986312091491
Chiron,356.657766414613,2.288052582491282
Deneb Algedi,326.7567194399245,-16.13031693005027
Eris,25.56678238840156,-2.259340268465735
Fomalhaut,344.4086954575983,-29.62463583050242
Gonggong,336.1828638291004,-12.1961032036804
Haumea,213.6901561946147,16.80781688907419
Juno,339.4592715293967,-5.605429233535065
Jupiter,230.8332667998913,-17.31852509007533
Ketu,316.6969334335317,-16.55851298934486
Makemake,195.638555897784,24.74011993677296
Mars,268.3501509585105,-23.40394392495908
Mercury,11.02257067244184,7.021069188463061
Moon,333.1506286966197,-13.44630753772192
Neptune,345.7008111829761,-7.096148030919119
Orcus,152.8138950419233,-10.08447458215068
Pallas,57.33144622277121,-11.22838866516441
Pleiades,56.86873357875874,24.10475079413201
Pluto,292.3059322081052,-21.50494758602328
Polaris,37.68283412105519,89.2676719137954
Procyon,114.8245477718089,5.217895852798381
Quaoar,271.8139064896078,-15.54603645438629
Rahu,136.6969334335317,16.55851298934486
Regulus,152.0966406477094,11.96541663497867
Rigel,78.63406114897751,-8.204618681343419
Saturn,278.6346774882427,-22.32002209365187
Sedna,56.06606884714986,7.617258822695247
Sirius,101.2858629574332,-16.72590423608947
Spica,201.3027145290345,-11.16321535341522
Sun,355.0398459943411,-2.149002321969852
Transpluto,153.2786681124775,11.0311100515506
Uranus,24.64058938377182,9.673327121222977
Vega,279.2342430427105,38.78023328247877
Venus,9.905051990870678,3.115415685778569
Vesta,264.3193785119712,-17.45109583783571
