NATAL × NATAL — RA distances,,,,,,,,,,,,,,,,,,,,,,,,,,,,,,,,,,,,,,,,,,,,,,,,
,Ceres,Chiron,Eris,Juno,Jupiter,Ketu,Mars,Mercury,Moon,Neptune,Pallas,Pluto,Rahu,Saturn,Sun,Uranus,Venus,Vesta,equator,Gonggong,Haumea,Makemake,Orcus,Quaoar,Sedna,Transpluto,Aldebaran,Antares,Fomalhaut,Regulus,Algol,Pleiades,Capella,Sirius,Procyon,Alkaid,Algorab,Spica,Arcturus,Alphecca,Vega,Deneb Algedi,Rigel,Betelgeuse,Polaris,Castor,Altair,Bellatrix
Ceres,0,15.019878,139.372341,83.675925,179.442658,43.4078,45.749634,3.371278,117.491687,62.847213,19.342612,8.71976,136.5922,170.521119,8.339062,76.283635,55.215941,74.71517,,87.567308,45.734882,62.732425,104.168338,3.869623,163.106782,95.479419,174.948046,3.411491,100.478523,91.839871,163.11472,172.942945,164.753596,142.641718,129.104345,37.054772,56.470327,42.639275,30.023607,10.268037,35.294001,82.824226,165.293913,155.135593,154.374145,130.279434,53.757563,162.645665
Chiron,15.019878,0,124.352462,68.656047,164.42278,28.387922,60.769513,18.391157,102.471808,47.827334,34.362491,6.300118,151.612078,155.50124,6.680816,61.263757,40.196063,59.695292,,72.54743,60.75476,77.752303,119.188216,11.150255,148.086904,110.499297,170.032076,11.608387,85.458644,106.859749,148.094842,157.923067,179.773474,157.661596,144.124223,52.07465,71.490205,57.659153,45.043486,25.287915,20.274122,67.804347,179.686208,170.155471,139.354266,145.299313,38.737684,177.665543
Eris,139.372341,124.352462,0,55.696415,40.070318,95.964541,174.878025,142.743619,21.880654,76.525128,158.714953,130.652581,84.035459,31.148778,131.033279,63.088705,84.156399,64.65717,,51.805032,174.892777,157.895235,116.459322,135.502718,23.734442,125.148241,45.679614,135.960849,38.893818,128.787789,23.74238,33.570604,55.874064,77.985942,91.523315,176.427112,164.157332,177.988385,169.395948,149.640378,104.07834,56.548115,55.333746,65.492067,15.001804,90.348225,85.614778,57.981995
Juno,83.675925,68.656047,55.696415,0,95.766733,40.268125,129.42556,87.047204,33.815761,20.828713,103.018538,74.956165,139.731875,86.845193,75.336863,7.39229,28.459984,8.960755,,3.891383,129.410807,146.40835,172.155737,79.806302,79.430857,179.155344,101.376029,80.264434,16.802597,175.515796,79.438795,89.26702,111.570479,133.682357,147.21973,120.730697,140.146252,126.3152,113.699533,93.943962,48.381925,0.8517,111.030161,121.188482,70.698219,146.04464,29.918363,113.67841
Jupiter,179.442658,164.42278,40.070318,95.766733,0,136.034858,134.807707,177.186063,61.950972,116.595445,161.21473,170.722898,43.965142,8.921539,171.103596,103.159023,124.226717,104.727488,,91.87535,134.82246,117.824917,76.389004,175.573035,16.335876,85.077923,5.609296,176.031167,78.964136,88.717471,16.327938,6.499713,15.803746,37.915624,51.452997,143.50257,124.087015,137.918067,150.533735,170.289305,144.148657,96.618433,15.263429,25.421749,25.068513,50.277907,125.685096,17.911677
Ketu,43.4078,28.387922,95.964541,40.268125,136.034858,0,89.157434,46.779078,74.083887,19.439413,62.750412,34.68804,180,127.113319,35.068738,32.875835,11.808141,31.307371,,44.159508,89.142682,106.140225,147.576138,39.538177,119.698983,138.887218,141.644154,39.996308,57.070723,135.247671,119.706921,129.535145,151.838604,173.950482,172.512145,80.462571,99.878127,86.047074,73.431407,53.675837,8.113799,39.416426,151.298287,161.456607,110.966345,173.687234,10.349763,153.946536
Mars,45.749634,60.769513,174.878025,129.42556,134.807707,89.157434,0,42.378356,163.241321,108.596847,26.407022,54.469394,90.842566,143.729247,54.088696,122.03327,100.965576,120.464805,,133.316943,0.014752,16.98279,58.418703,49.619258,151.143583,49.729784,129.198411,49.161126,146.228157,46.090236,151.135645,141.307421,119.003961,96.892083,83.35471,8.694863,10.720692,3.11036,15.726027,35.481598,81.043635,128.57386,119.544279,109.385958,159.876221,84.5298,99.507197,116.89603
Mercury,3.371278,18.391157,142.743619,87.047204,177.186063,46.779078,42.378356,0,120.862965,66.218491,15.971334,12.091038,133.220922,173.892397,11.71034,79.654914,58.58722,78.086449,,90.938586,42.363604,59.361146,100.797059,7.240901,166.478061,92.10814,171.576767,6.78277,103.849801,88.468592,166.485999,176.314223,161.382317,139.270439,125.733066,33.683493,53.099049,39.267996,26.652329,6.896759,38.665279,86.195504,161.922635,151.764314,157.745423,126.908156,57.128841,159.274386
Moon,117.491687,102.471808,21.880654,33.815761,61.950972,74.083887,163.241321,120.862965,0,54.644474,136.834299,108.771927,105.916113,53.029432,109.152625,41.208051,62.275745,42.776516,,29.924378,163.226569,179.775889,138.339976,113.622063,45.615096,147.028895,67.560268,114.080195,17.013164,150.668443,45.623034,55.451258,77.754718,99.866596,113.403969,154.546458,173.962013,160.130961,147.515294,127.759723,82.197686,34.667461,77.2144,87.372721,36.882458,112.228879,63.734124,79.862649
Neptune,62.847213,47.827334,76.525128,20.828713,116.595445,19.439413,108.596847,66.218491,54.644474,0,82.189825,54.127453,160.560587,107.673906,54.508151,13.436422,7.631272,11.867958,,24.720095,108.582095,125.579638,167.01555,58.97759,100.25957,158.326631,122.204741,59.435721,37.63131,154.687083,100.267508,110.095732,132.399192,154.51107,168.048442,99.901984,119.31754,105.486487,92.87082,73.11525,27.553212,19.977013,131.858874,142.017194,91.526932,166.873353,9.08965,134.507123
Pallas,19.342612,34.362491,158.714953,103.018538,161.21473,62.750412,26.407022,15.971334,136.834299,82.189825,0,28.062372,117.249588,170.136269,27.681674,95.626247,74.558554,94.057783,,106.90992,26.39227,43.389812,84.825725,23.212235,177.550605,76.136806,155.605434,22.754104,119.821135,72.497258,177.542667,167.714443,145.410983,123.299105,109.761733,17.712159,37.127715,23.296662,10.680995,9.074575,54.636613,102.166838,145.951301,135.792981,173.716757,110.936822,73.100175,143.303052
Pluto,8.71976,6.300118,130.652581,74.956165,170.722898,34.68804,54.469394,12.091038,108.771927,54.127453,28.062372,0,145.31196,161.801359,0.380698,67.563875,46.496181,65.99541,,78.847548,54.454642,71.452185,112.888098,4.850137,154.387023,104.199179,176.332194,5.308268,91.758763,100.559631,154.39496,164.223185,173.473356,151.361478,137.824105,45.774532,65.190087,51.359034,38.743367,18.987797,26.574241,74.104466,174.013673,163.855353,145.654385,138.999194,45.037803,171.365424
Rahu,136.5922,151.612078,84.035459,139.731875,43.965142,180,90.842566,133.220922,105.916113,160.560587,117.249588,145.31196,0,52.886681,144.931262,147.124165,168.191859,148.692629,,135.840492,90.857318,73.859775,32.423862,140.461823,60.301017,41.112782,38.355846,140.003692,122.929277,44.752329,60.293079,50.464855,28.161396,6.049518,7.487855,99.537429,80.121873,93.952926,106.568593,126.324163,171.886201,140.583574,28.701713,18.543393,69.033655,6.312766,169.650237,26.053464
Saturn,170.521119,155.50124,31.148778,86.845193,8.921539,127.113319,143.729247,173.892397,53.029432,107.673906,170.136269,161.801359,52.886681,0,162.182057,94.237484,115.305177,95.805948,,82.953811,143.743999,126.746457,85.310544,166.651496,7.414336,93.999463,14.530835,167.109627,70.042596,97.639011,7.406398,2.421826,24.725286,46.837164,60.374536,152.42411,133.008554,146.839607,159.455274,179.210844,135.227118,87.696893,24.184968,34.343288,16.146974,59.199447,116.763556,26.833217
Sun,8.339062,6.680816,131.033279,75.336863,171.103596,35.068738,54.088696,11.71034,109.152625,54.508151,27.681674,0.380698,144.931262,162.182057,0,67.944573,46.876879,66.376108,,79.228246,54.073944,71.071487,112.5074,4.469439,154.767721,103.81848,176.712892,4.92757,92.139461,100.178933,154.775658,164.603883,173.092658,150.98078,137.443407,45.393833,64.809389,50.978336,38.362669,18.607099,26.954939,74.485164,173.632975,163.474655,146.035083,138.618496,45.418501,170.984726
Uranus,76.283635,61.263757,63.088705,7.39229,103.159023,32.875835,122.03327,79.654914,41.208051,13.436422,95.626247,67.563875,147.124165,94.237484,67.944573,0,21.067694,1.568465,,11.283673,122.018517,139.01606,179.548027,72.414012,86.823147,171.763054,108.768319,72.872144,24.194887,168.123506,86.831085,96.65931,118.962769,141.074647,154.61202,113.338407,132.753962,118.92291,106.307242,86.551672,40.989634,6.54059,118.422452,128.580772,78.09051,153.43693,22.526072,121.0707
Venus,55.215941,40.196063,84.156399,28.459984,124.226717,11.808141,100.965576,58.58722,62.275745,7.631272,74.558554,46.496181,168.191859,115.305177,46.876879,21.067694,0,19.499229,,32.351367,100.950823,117.948366,159.384279,51.346318,107.890841,150.69536,129.836013,51.80445,45.262581,147.055812,107.898779,117.727004,140.030463,162.142341,175.679714,92.270713,111.686268,97.855216,85.239549,65.483978,19.921941,27.608284,139.490145,149.648466,99.158203,174.504624,1.458379,142.138394
Vesta,74.71517,59.695292,64.65717,8.960755,104.727488,31.307371,120.464805,78.086449,42.776516,11.867958,94.057783,65.99541,148.692629,95.805948,66.376108,1.568465,19.499229,0,,12.852138,120.450052,137.447595,178.883508,70.845547,88.391612,170.194589,110.336784,71.303679,25.763352,166.555041,88.39955,98.227774,120.531234,142.643112,156.180485,111.769942,131.185497,117.354445,104.738778,84.983207,39.42117,8.109055,119.990916,130.149237,79.658974,155.005395,20.957608,122.639165
equator,,,,,,,,,,,,,,,,,,,,,,,,,,,,,,,,,,,,,,,,,,,,,,,,
Gonggong,87.567308,72.54743,51.805032,3.891383,91.87535,44.159508,133.316943,90.938586,29.924378,24.720095,106.90992,78.847548,135.840492,82.953811,79.228246,11.283673,32.351367,12.852138,,0,133.30219,150.299733,168.264354,83.697685,75.539474,176.953273,97.484646,84.155817,12.911215,179.407179,75.547412,85.375637,107.679096,129.790974,143.328347,124.62208,144.037635,130.206583,117.590915,97.835345,52.273307,4.743083,107.138779,117.297099,66.806837,142.153257,33.809745,109.787027
Haumea,45.734882,60.75476,174.892777,129.410807,134.82246,89.142682,0.014752,42.363604,163.226569,108.582095,26.39227,54.454642,90.857318,143.743999,54.073944,122.018517,100.950823,120.450052,,133.30219,0,16.997543,58.433456,49.604505,151.158335,49.744537,129.213164,49.146374,146.213405,46.104989,151.150398,141.322173,119.018714,96.906836,83.369463,8.68011,10.735445,3.095608,15.711275,35.466845,81.028883,128.559108,119.559031,109.400711,159.890973,84.544552,99.492445,116.910782
Makemake,62.732425,77.752303,157.895235,146.40835,117.824917,106.140225,16.98279,59.361146,179.775889,125.579638,43.389812,71.452185,73.859775,126.746457,71.071487,139.01606,117.948366,137.447595,,150.299733,16.997543,0,41.435913,66.602048,134.160793,32.746994,112.215621,66.143916,163.210947,29.107446,134.152855,124.32463,102.021171,79.909293,66.37192,25.677653,6.262098,20.09315,32.708817,52.464388,98.026425,145.55665,102.561489,92.403168,142.893431,67.54701,116.489987,99.91324
Orcus,104.168338,119.188216,116.459322,172.155737,76.389004,147.576138,58.418703,100.797059,138.339976,167.01555,84.825725,112.888098,32.423862,85.310544,112.5074,179.548027,159.384279,178.883508,,168.264354,58.433456,41.435913,0,108.037961,92.72488,8.688919,70.779708,107.579829,155.35314,12.328467,92.716942,82.888717,60.585258,38.47338,24.936007,67.113566,47.698011,61.529063,74.14473,93.900301,139.462338,173.007437,61.125576,50.967255,101.457518,26.111097,157.9259,58.477327
Quaoar,3.869623,11.150255,135.502718,79.806302,175.573035,39.538177,49.619258,7.240901,113.622063,58.97759,23.212235,4.850137,140.461823,166.651496,4.469439,72.414012,51.346318,70.845547,,83.697685,49.604505,66.602048,108.037961,0,159.237159,99.349042,178.817669,0.458132,96.6089,95.709494,159.245097,169.073322,168.623219,146.511341,132.973968,40.924395,60.33995,46.508898,33.89323,14.13766,31.424378,78.954603,169.163536,159.005216,150.504522,134.149057,49.88794,166.515288
Sedna,163.106782,148.086904,23.734442,79.430857,16.335876,119.698983,151.143583,166.478061,45.615096,100.25957,177.550605,154.387023,60.301017,7.414336,154.767721,86.823147,107.890841,88.391612,,75.539474,151.158335,134.160793,92.72488,159.237159,0,101.413799,21.945172,159.695291,62.62826,105.053347,0.007938,9.836162,32.139622,54.2515,67.788873,159.838446,140.422891,154.253943,166.86961,173.374819,127.812782,80.282557,31.599304,41.757625,8.732638,66.613783,109.34922,34.247553
Transpluto,95.479419,110.499297,125.148241,179.155344,85.077923,138.887218,49.729784,92.10814,147.028895,158.326631,76.136806,104.199179,41.112782,93.999463,103.81848,171.763054,150.69536,170.194589,,176.953273,49.744537,32.746994,8.688919,99.349042,101.413799,0,79.468627,98.89091,164.042059,3.639548,101.405861,91.577637,69.274177,47.162299,33.624926,58.424647,39.009092,52.840144,65.455811,85.211382,130.773419,178.303644,69.814495,59.656174,110.146437,34.800016,149.236981,67.166246
Aldebaran,174.948046,170.032076,45.679614,101.376029,5.609296,141.644154,129.198411,171.576767,67.560268,122.204741,155.605434,176.332194,38.355846,14.530835,176.712892,108.768319,129.836013,110.336784,,97.484646,129.213164,112.215621,70.779708,178.817669,21.945172,79.468627,,,,,,,,,,,,,,,,,,,,,,
Antares,3.411491,11.608387,135.960849,80.264434,176.031167,39.996308,49.161126,6.78277,114.080195,59.435721,22.754104,5.308268,140.003692,167.109627,4.92757,72.872144,51.80445,71.303679,,84.155817,49.146374,66.143916,107.579829,0.458132,159.695291,98.89091,,,,,,,,,,,,,,,,,,,,,,
Fomalhaut,100.478523,85.458644,38.893818,16.802597,78.964136,57.070723,146.228157,103.849801,17.013164,37.63131,119.821135,91.758763,122.929277,70.042596,92.139461,24.194887,45.262581,25.763352,,12.911215,146.213405,163.210947,155.35314,96.6089,62.62826,164.042059,,,,,,,,,,,,,,,,,,,,,,
Regulus,91.839871,106.859749,128.787789,175.515796,88.717471,135.247671,46.090236,88.468592,150.668443,154.687083,72.497258,100.559631,44.752329,97.639011,100.178933,168.123506,147.055812,166.555041,,179.407179,46.104989,29.107446,12.328467,95.709494,105.053347,3.639548,,,,,,,,,,,,,,,,,,,,,,
Algol,163.11472,148.094842,23.74238,79.438795,16.327938,119.706921,151.135645,166.485999,45.623034,100.267508,177.542667,154.39496,60.293079,7.406398,154.775658,86.831085,107.898779,88.39955,,75.547412,151.150398,134.152855,92.716942,159.245097,0.007938,101.405861,,,,,,,,,,,,,,,,,,,,,,
Pleiades,172.942945,157.923067,33.570604,89.26702,6.499713,129.535145,141.307421,176.314223,55.451258,110.095732,167.714443,164.223185,50.464855,2.421826,164.603883,96.65931,117.727004,98.227774,,85.375637,141.322173,124.32463,82.888717,169.073322,9.836162,91.577637,,,,,,,,,,,,,,,,,,,,,,
Capella,164.753596,179.773474,55.874064,111.570479,15.803746,151.838604,119.003961,161.382317,77.754718,132.399192,145.410983,173.473356,28.161396,24.725286,173.092658,118.962769,140.030463,120.531234,,107.679096,119.018714,102.021171,60.585258,168.623219,32.139622,69.274177,,,,,,,,,,,,,,,,,,,,,,
Sirius,142.641718,157.661596,77.985942,133.682357,37.915624,173.950482,96.892083,139.270439,99.866596,154.51107,123.299105,151.361478,6.049518,46.837164,150.98078,141.074647,162.142341,142.643112,,129.790974,96.906836,79.909293,38.47338,146.511341,54.2515,47.162299,,,,,,,,,,,,,,,,,,,,,,
Procyon,129.104345,144.124223,91.523315,147.21973,51.452997,172.512145,83.35471,125.733066,113.403969,168.048442,109.761733,137.824105,7.487855,60.374536,137.443407,154.61202,175.679714,156.180485,,143.328347,83.369463,66.37192,24.936007,132.973968,67.788873,33.624926,,,,,,,,,,,,,,,,,,,,,,
Alkaid,37.054772,52.07465,176.427112,120.730697,143.50257,80.462571,8.694863,33.683493,154.546458,99.901984,17.712159,45.774532,99.537429,152.42411,45.393833,113.338407,92.270713,111.769942,,124.62208,8.68011,25.677653,67.113566,40.924395,159.838446,58.424647,,,,,,,,,,,,,,,,,,,,,,
Algorab,56.470327,71.490205,164.157332,140.146252,124.087015,99.878127,10.720692,53.099049,173.962013,119.31754,37.127715,65.190087,80.121873,133.008554,64.809389,132.753962,111.686268,131.185497,,144.037635,10.735445,6.262098,47.698011,60.33995,140.422891,39.009092,,,,,,,,,,,,,,,,,,,,,,
Spica,42.639275,57.659153,177.988385,126.3152,137.918067,86.047074,3.11036,39.267996,160.130961,105.486487,23.296662,51.359034,93.952926,146.839607,50.978336,118.92291,97.855216,117.354445,,130.206583,3.095608,20.09315,61.529063,46.508898,154.253943,52.840144,,,,,,,,,,,,,,,,,,,,,,
Arcturus,30.023607,45.043486,169.395948,113.699533,150.533735,73.431407,15.726027,26.652329,147.515294,92.87082,10.680995,38.743367,106.568593,159.455274,38.362669,106.307242,85.239549,104.738778,,117.590915,15.711275,32.708817,74.14473,33.89323,166.86961,65.455811,,,,,,,,,,,,,,,,,,,,,,
Alphecca,10.268037,25.287915,149.640378,93.943962,170.289305,53.675837,35.481598,6.896759,127.759723,73.11525,9.074575,18.987797,126.324163,179.210844,18.607099,86.551672,65.483978,84.983207,,97.835345,35.466845,52.464388,93.900301,14.13766,173.374819,85.211382,,,,,,,,,,,,,,,,,,,,,,
Vega,35.294001,20.274122,104.07834,48.381925,144.148657,8.113799,81.043635,38.665279,82.197686,27.553212,54.636613,26.574241,171.886201,135.227118,26.954939,40.989634,19.921941,39.42117,,52.273307,81.028883,98.026425,139.462338,31.424378,127.812782,130.773419,,,,,,,,,,,,,,,,,,,,,,
Deneb Algedi,82.824226,67.804347,56.548115,0.8517,96.618433,39.416426,128.57386,86.195504,34.667461,19.977013,102.166838,74.104466,140.583574,87.696893,74.485164,6.54059,27.608284,8.109055,,4.743083,128.559108,145.55665,173.007437,78.954603,80.282557,178.303644,,,,,,,,,,,,,,,,,,,,,,
Rigel,165.293913,179.686208,55.333746,111.030161,15.263429,151.298287,119.544279,161.922635,77.2144,131.858874,145.951301,174.013673,28.701713,24.184968,173.632975,118.422452,139.490145,119.990916,,107.138779,119.559031,102.561489,61.125576,169.163536,31.599304,69.814495,,,,,,,,,,,,,,,,,,,,,,
Betelgeuse,155.135593,170.155471,65.492067,121.188482,25.421749,161.456607,109.385958,151.764314,87.372721,142.017194,135.792981,163.855353,18.543393,34.343288,163.474655,128.580772,149.648466,130.149237,,117.297099,109.400711,92.403168,50.967255,159.005216,41.757625,59.656174,,,,,,,,,,,,,,,,,,,,,,
Polaris,154.374145,139.354266,15.001804,70.698219,25.068513,110.966345,159.876221,157.745423,36.882458,91.526932,173.716757,145.654385,69.033655,16.146974,146.035083,78.09051,99.158203,79.658974,,66.806837,159.890973,142.893431,101.457518,150.504522,8.732638,110.146437,,,,,,,,,,,,,,,,,,,,,,
Castor,130.279434,145.299313,90.348225,146.04464,50.277907,173.687234,84.5298,126.908156,112.228879,166.873353,110.936822,138.999194,6.312766,59.199447,138.618496,153.43693,174.504624,155.005395,,142.153257,84.544552,67.54701,26.111097,134.149057,66.613783,34.800016,,,,,,,,,,,,,,,,,,,,,,
Altair,53.757563,38.737684,85.614778,29.918363,125.685096,10.349763,99.507197,57.128841,63.734124,9.08965,73.100175,45.037803,169.650237,116.763556,45.418501,22.526072,1.458379,20.957608,,33.809745,99.492445,116.489987,157.9259,49.88794,109.34922,149.236981,,,,,,,,,,,,,,,,,,,,,,
Bellatrix,162.645665,177.665543,57.981995,113.67841,17.911677,153.946536,116.89603,159.274386,79.862649,134.507123,143.303052,171.365424,26.053464,26.833217,170.984726,121.0707,142.138394,122.639165,,109.787027,116.910782,99.91324,58.477327,166.515288,34.247553,67.166246,,,,,,,,,,,,,,,,,,,,,,
,,,,,,,,,,,,,,,,,,,,,,,,,,,,,,,,,,,,,,,,,,,,,,,,
NATAL × NATAL — DEC distances,,,,,,,,,,,,,,,,,,,,,,,,,,,,,,,,,,,,,,,,,,,,,,,,
,Ceres,Chiron,Eris,Juno,Jupiter,Ketu,Mars,Mercury,Moon,Neptune,Pallas,Pluto,Rahu,Saturn,Sun,Uranus,Venus,Vesta,equator,Gonggong,Haumea,Makemake,Orcus,Quaoar,Sedna,Transpluto,Aldebaran,Antares,Fomalhaut,Regulus,Algol,Pleiades,Capella,Sirius,Procyon,Alkaid,Algorab,Spica,Arcturus,Alphecca,Vega,Deneb Algedi,Rigel,Betelgeuse,Polaris,Castor,Altair,Bellatrix
Ceres,0,0.672124,11.848421,5.834327,39.066202,3.687934,12.494834,1.435245,13.023744,0.173613,19.964519,6.704526,41.275765,35.873481,3.647515,2.561966,4.351721,2.438247,18.793916,1.599463,39.1014,50.09461,16.747675,3.739747,23.997555,31.574117,35.303947,7.637187,10.830644,30.760592,59.751804,42.900347,64.79197,2.078736,24.018908,68.104357,2.28055,7.6341,37.975156,45.508197,57.579579,2.665649,10.592941,26.201433,108.061469,50.680835,27.663521,25.144171
Chiron,0.672124,0,11.176297,5.162203,38.394078,4.360057,11.822711,2.107369,12.351621,0.845737,19.292396,6.032402,40.603641,35.201357,4.319638,1.889842,5.023844,3.110371,18.121792,0.92734,38.429277,49.422487,16.075552,3.067623,23.325431,30.901994,34.631823,8.30931,11.502767,30.088469,59.07968,42.228223,64.119846,1.406613,23.346784,67.432234,1.608427,6.961976,37.303032,44.836073,56.907455,1.993526,9.920817,25.529309,107.389345,50.008712,26.991397,24.472048
Eris,11.848421,11.176297,0,6.014094,27.217781,15.536355,0.646413,13.283666,1.175324,12.022034,8.116099,5.143895,29.427344,24.02506,15.495936,9.286455,16.200142,14.286668,6.945495,10.248957,27.252979,38.246189,4.899254,8.108674,12.149134,19.725697,23.455526,19.485608,22.679064,18.912171,47.903383,31.051926,52.943549,9.769685,12.170487,56.255936,9.56787,4.214321,26.126735,33.659776,45.731158,9.182771,1.25548,14.353012,96.213048,38.832415,15.8151,13.295751
Juno,5.834327,5.162203,6.014094,0,33.231875,9.522261,6.660507,7.269572,7.189417,6.00794,14.130192,0.870199,35.441438,30.039154,9.481842,3.272361,10.186048,8.272574,12.959589,4.234864,33.267073,44.260283,10.913348,2.09458,18.163228,25.73979,29.46962,13.471514,16.664971,24.926265,53.917477,37.06602,58.957643,3.755591,18.184581,62.27003,3.553777,1.799773,32.140829,39.67387,51.745252,3.168677,4.758614,20.367106,102.227142,44.846508,21.829194,19.309844
Jupiter,39.066202,38.394078,27.217781,33.231875,0,42.754135,26.571367,40.501447,26.042457,39.239815,19.101682,32.361676,2.209563,3.192721,42.713717,36.504236,43.417922,41.504449,20.272286,37.466738,0.035199,11.028409,22.318526,35.326455,15.068647,7.492084,3.762255,46.703388,49.896845,8.305609,20.685602,3.834145,25.725768,36.987465,15.047294,29.038156,36.785651,31.432102,1.091046,6.441995,18.513377,36.400552,28.473261,12.864769,68.995267,11.614634,11.402681,13.92203
Ketu,3.687934,4.360057,15.536355,9.522261,42.754135,0,16.182768,2.252689,16.711678,3.51432,23.652453,10.392459,44.963699,39.561414,0.040419,6.2499,0.663787,1.249687,22.481849,5.287397,42.789334,53.782544,20.435609,7.42768,27.685488,35.262051,38.991881,3.949253,7.14271,34.448526,63.439738,46.58828,68.479904,5.76667,27.706841,71.792291,5.968484,11.322034,41.66309,49.19613,61.267513,6.353583,14.280875,29.889366,111.749403,54.368769,31.351455,28.832105
Mars,12.494834,11.822711,0.646413,6.660507,26.571367,16.182768,0,13.930079,0.52891,12.668448,7.469685,5.790308,28.780931,23.378647,16.142349,9.932868,16.846555,14.933081,6.299082,10.895371,26.606566,37.599776,4.252841,8.755087,11.502721,19.079283,22.809113,20.132021,23.325478,18.265758,47.25697,30.405513,52.297136,10.416098,11.524074,55.609523,10.214284,4.860734,25.480322,33.013362,45.084745,9.829185,1.901893,13.706599,95.566635,38.186001,15.168687,12.649337
Mercury,1.435245,2.107369,13.283666,7.269572,40.501447,2.252689,13.930079,0,14.458989,1.261632,21.399764,8.139771,42.71101,37.308726,2.21227,3.997211,2.916476,1.003002,20.229161,3.034708,40.536645,51.529855,18.18292,5.174992,25.4328,33.009362,36.739192,6.201942,9.395399,32.195837,61.187049,44.335592,66.227215,3.513981,25.454153,69.539602,3.715795,9.069345,39.410401,46.943442,59.014824,4.100895,12.028186,27.636678,109.496714,52.11608,29.098766,26.579416
Moon,13.023744,12.351621,1.175324,7.189417,26.042457,16.711678,0.52891,14.458989,0,13.197358,6.940775,6.319219,28.252021,22.849736,16.671259,10.461779,17.375465,15.461992,5.770171,11.424281,26.077656,37.070866,3.723931,9.283998,10.97381,18.550373,22.280203,20.660931,23.854388,17.736848,46.72806,29.876602,51.768225,10.945008,10.995163,55.080613,10.743194,5.389644,24.951412,32.484452,44.555834,10.358095,2.430804,13.177688,95.037724,37.657091,14.639777,12.120427
Neptune,0.173613,0.845737,12.022034,6.00794,39.239815,3.51432,12.668448,1.261632,13.197358,0,20.138133,6.878139,41.449378,36.047094,3.473901,2.735579,4.178107,2.264634,18.967529,1.773077,39.275014,50.268224,16.921289,3.91336,24.171168,31.747731,35.47756,7.463573,10.65703,30.934206,59.925417,43.07396,64.965583,2.25235,24.192521,68.277971,2.454164,7.807713,38.148769,45.68181,57.753192,2.839263,10.766554,26.375046,108.235082,50.854449,27.837134,25.317785
Pallas,19.964519,19.292396,8.116099,14.130192,19.101682,23.652453,7.469685,21.399764,6.940775,20.138133,0,13.259994,21.311246,15.908961,23.612034,17.402554,24.31624,22.402767,1.170604,18.365056,19.136881,30.130091,3.216844,16.224773,4.033035,11.609598,15.339427,27.601706,30.795163,10.796073,39.787284,22.935827,44.82745,17.885783,4.054388,48.139838,17.683969,12.330419,18.010636,25.543677,37.615059,17.29887,9.371579,6.236913,88.096949,30.716316,7.699002,5.179652
Pluto,6.704526,6.032402,5.143895,0.870199,32.361676,10.392459,5.790308,8.139771,6.319219,6.878139,13.259994,0,34.571239,29.168955,10.352041,4.14256,11.056247,9.142773,12.08939,5.105062,32.396875,43.390085,10.04315,2.964779,17.293029,24.869592,28.599421,14.341713,17.535169,24.056067,53.047278,36.195821,58.087444,4.625789,17.314382,61.399832,4.423975,0.929574,31.27063,38.803671,50.875053,4.038876,3.888415,19.496907,101.356943,43.97631,20.958995,18.439646
Rahu,41.275765,40.603641,29.427344,35.441438,2.209563,44.963699,28.780931,42.71101,28.252021,41.449378,21.311246,34.571239,0,5.402284,44.92328,38.713799,45.627486,43.714012,22.481849,39.676302,2.174365,8.818845,24.52809,37.536018,17.27821,9.701648,5.971818,48.912952,52.106409,10.515173,18.476039,1.624582,23.516205,39.197029,17.256857,26.828592,38.995215,33.641665,3.300609,4.232432,16.303814,38.610116,30.682824,15.074332,66.785704,9.40507,13.612244,16.131594
Saturn,35.873481,35.201357,24.02506,30.039154,3.192721,39.561414,23.378647,37.308726,22.849736,36.047094,15.908961,29.168955,5.402284,0,39.520996,33.311515,40.225201,38.311728,17.079565,34.274017,3.22792,14.22113,19.125805,32.133734,11.875926,4.299363,0.569534,43.510667,46.704124,5.112888,23.878323,7.026866,28.918489,33.794744,11.854573,32.230877,33.59293,28.239381,2.101675,9.634716,21.706098,33.207831,25.28054,9.672048,72.187988,14.807355,8.20996,10.729309
Sun,3.647515,4.319638,15.495936,9.481842,42.713717,0.040419,16.142349,2.21227,16.671259,3.473901,23.612034,10.352041,44.92328,39.520996,0,6.209481,0.704206,1.209268,22.441431,5.246978,42.748915,53.742125,20.39519,7.387262,27.64507,35.221632,38.951462,3.989672,7.183129,34.408107,63.399319,46.547862,68.439485,5.726251,27.666423,71.751872,5.928065,11.281615,41.622671,49.155711,61.227094,6.313164,14.240456,29.848948,111.708984,54.32835,31.311036,28.791686
Uranus,2.561966,1.889842,9.286455,3.272361,36.504236,6.2499,9.932868,3.997211,10.461779,2.735579,17.402554,4.14256,38.713799,33.311515,6.209481,0,6.913687,5.000213,16.23195,0.962502,36.539434,47.532644,14.185709,1.177781,21.435589,29.012152,32.741981,10.199153,13.392609,28.198627,57.189838,40.338381,62.230004,0.483229,21.456942,65.542391,0.281415,5.072134,35.41319,42.946231,55.017613,0.103684,8.030975,23.639467,105.499503,48.11887,25.101555,22.582206
Venus,4.351721,5.023844,16.200142,10.186048,43.417922,0.663787,16.846555,2.916476,17.375465,4.178107,24.31624,11.056247,45.627486,40.225201,0.704206,6.913687,0,1.913474,23.145636,5.951184,43.453121,54.446331,21.099396,8.091467,28.349276,35.925838,39.655668,3.285466,6.478923,35.112313,64.103525,47.252068,69.143691,6.430457,28.370628,72.456078,6.632271,11.985821,42.326877,49.859917,61.9313,7.01737,14.944662,30.553153,112.41319,55.032556,32.015242,29.495892
Vesta,2.438247,3.110371,14.286668,8.272574,41.504449,1.249687,14.933081,1.003002,15.461992,2.264634,22.402767,9.142773,43.714012,38.311728,1.209268,5.000213,1.913474,0,21.232163,4.037711,41.539647,52.532857,19.185922,6.177994,26.435802,34.012365,37.742194,5.19894,8.392396,33.198839,62.190051,45.338594,67.230217,4.516984,26.457155,70.542604,4.718798,10.072347,40.413403,47.946444,60.017826,5.103897,13.031188,28.63968,110.499716,53.119083,30.101768,27.582419
equator,18.793916,18.121792,6.945495,12.959589,20.272286,22.481849,6.299082,20.229161,5.770171,18.967529,1.170604,12.08939,22.481849,17.079565,22.441431,16.23195,23.145636,21.232163,0,17.194452,20.307485,31.300695,2.04624,15.054169,5.203639,12.780202,16.510031,26.431102,29.624559,11.966677,40.957888,24.106431,45.998054,16.715179,5.224992,49.310442,16.513365,11.159816,19.18124,26.714281,38.785663,16.128266,8.200975,7.407517,89.267553,31.88692,8.869605,6.350256
Gonggong,1.599463,0.92734,10.248957,4.234864,37.466738,5.287397,10.895371,3.034708,11.424281,1.773077,18.365056,5.105062,39.676302,34.274017,5.246978,0.962502,5.951184,4.037711,17.194452,0,37.501937,48.495147,15.148212,2.140283,22.398091,29.974654,33.704484,9.23665,12.430107,29.161129,58.152341,41.300883,63.192507,0.479273,22.419444,66.504894,0.681087,6.034637,36.375693,43.908733,55.980116,1.066186,8.993477,24.601969,106.462006,49.081372,26.064058,23.544708
Haumea,39.1014,38.429277,27.252979,33.267073,0.035199,42.789334,26.606566,40.536645,26.077656,39.275014,19.136881,32.396875,2.174365,3.22792,42.748915,36.539434,43.453121,41.539647,20.307485,37.501937,0,10.99321,22.353725,35.361654,15.103846,7.527283,3.797453,46.738587,49.932044,8.340808,20.650404,3.798946,25.69057,37.022664,15.082493,29.002957,36.82085,31.4673,1.126244,6.406796,18.478179,36.435751,28.508459,12.899968,68.960069,11.579435,11.437879,13.957229
Makemake,50.09461,49.422487,38.246189,44.260283,11.028409,53.782544,37.599776,51.529855,37.070866,50.268224,30.130091,43.390085,8.818845,14.22113,53.742125,47.532644,54.446331,52.532857,31.300695,48.495147,10.99321,0,33.346935,46.354864,26.097055,18.520493,14.790663,57.731797,60.925254,19.334018,9.657194,7.194263,14.69736,48.015874,26.075703,18.009747,47.81406,42.46051,12.119454,4.586414,7.484969,47.428961,39.501669,23.893178,57.966859,0.586225,22.431089,24.950439
Orcus,16.747675,16.075552,4.899254,10.913348,22.318526,20.435609,4.252841,18.18292,3.723931,16.921289,3.216844,10.04315,24.52809,19.125805,20.39519,14.185709,21.099396,19.185922,2.04624,15.148212,22.353725,33.346935,0,13.007929,7.24988,14.826442,18.556272,24.384862,27.578319,14.012917,43.004129,26.152672,48.044295,14.668939,7.271232,51.356682,14.467125,9.113575,21.227481,28.760521,40.831904,14.082026,6.154734,9.453757,91.313794,33.93316,10.915846,8.396496
Quaoar,3.739747,3.067623,8.108674,2.09458,35.326455,7.42768,8.755087,5.174992,9.283998,3.91336,16.224773,2.964779,37.536018,32.133734,7.387262,1.177781,8.091467,6.177994,15.054169,2.140283,35.361654,46.354864,13.007929,0,20.257808,27.834371,31.5642,11.376933,14.57039,27.020846,56.012057,39.1606,61.052223,1.66101,20.279161,64.364611,1.459196,3.894353,34.235409,41.76845,53.839832,1.074097,6.853194,22.461686,104.321722,46.941089,23.923774,21.404425
Sedna,23.997555,23.325431,12.149134,18.163228,15.068647,27.685488,11.502721,25.4328,10.97381,24.171168,4.033035,17.293029,17.27821,11.875926,27.64507,21.435589,28.349276,26.435802,5.203639,22.398091,15.103846,26.097055,7.24988,20.257808,0,7.576563,11.306392,31.634742,34.828198,6.763038,35.754249,18.902792,40.794415,21.918818,0.021353,44.106802,21.717004,16.363455,13.977601,21.510642,33.582024,21.331905,13.404614,2.203878,84.063914,26.683281,3.665966,1.146617
Transpluto,31.574117,30.901994,19.725697,25.73979,7.492084,35.262051,19.079283,33.009362,18.550373,31.747731,11.609598,24.869592,9.701648,4.299363,35.221632,29.012152,35.925838,34.012365,12.780202,29.974654,7.527283,18.520493,14.826442,27.834371,7.576563,0,3.72983,39.211304,42.404761,0.813525,28.177687,11.326229,33.217853,29.495381,7.55521,36.53024,29.293567,23.940017,6.401039,13.934079,26.005462,28.908468,20.981177,5.372685,76.487352,19.106718,3.910596,6.429946
Aldebaran,35.303947,34.631823,23.455526,29.46962,3.762255,38.991881,22.809113,36.739192,22.280203,35.47756,15.339427,28.599421,5.971818,0.569534,38.951462,32.741981,39.655668,37.742194,16.510031,33.704484,3.797453,14.790663,18.556272,31.5642,11.306392,3.72983,,,,,,,,,,,,,,,,,,,,,,
Antares,7.637187,8.30931,19.485608,13.471514,46.703388,3.949253,20.132021,6.201942,20.660931,7.463573,27.601706,14.341713,48.912952,43.510667,3.989672,10.199153,3.285466,5.19894,26.431102,9.23665,46.738587,57.731797,24.384862,11.376933,31.634742,39.211304,,,,,,,,,,,,,,,,,,,,,,
Fomalhaut,10.830644,11.502767,22.679064,16.664971,49.896845,7.14271,23.325478,9.395399,23.854388,10.65703,30.795163,17.535169,52.106409,46.704124,7.183129,13.392609,6.478923,8.392396,29.624559,12.430107,49.932044,60.925254,27.578319,14.57039,34.828198,42.404761,,,,,,,,,,,,,,,,,,,,,,
Regulus,30.760592,30.088469,18.912171,24.926265,8.305609,34.448526,18.265758,32.195837,17.736848,30.934206,10.796073,24.056067,10.515173,5.112888,34.408107,28.198627,35.112313,33.198839,11.966677,29.161129,8.340808,19.334018,14.012917,27.020846,6.763038,0.813525,,,,,,,,,,,,,,,,,,,,,,
Algol,59.751804,59.07968,47.903383,53.917477,20.685602,63.439738,47.25697,61.187049,46.72806,59.925417,39.787284,53.047278,18.476039,23.878323,63.399319,57.189838,64.103525,62.190051,40.957888,58.152341,20.650404,9.657194,43.004129,56.012057,35.754249,28.177687,,,,,,,,,,,,,,,,,,,,,,
Pleiades,42.900347,42.228223,31.051926,37.06602,3.834145,46.58828,30.405513,44.335592,29.876602,43.07396,22.935827,36.195821,1.624582,7.026866,46.547862,40.338381,47.252068,45.338594,24.106431,41.300883,3.798946,7.194263,26.152672,39.1606,18.902792,11.326229,,,,,,,,,,,,,,,,,,,,,,
Capella,64.79197,64.119846,52.943549,58.957643,25.725768,68.479904,52.297136,66.227215,51.768225,64.965583,44.82745,58.087444,23.516205,28.918489,68.439485,62.230004,69.143691,67.230217,45.998054,63.192507,25.69057,14.69736,48.044295,61.052223,40.794415,33.217853,,,,,,,,,,,,,,,,,,,,,,
Sirius,2.078736,1.406613,9.769685,3.755591,36.987465,5.76667,10.416098,3.513981,10.945008,2.25235,17.885783,4.625789,39.197029,33.794744,5.726251,0.483229,6.430457,4.516984,16.715179,0.479273,37.022664,48.015874,14.668939,1.66101,21.918818,29.495381,,,,,,,,,,,,,,,,,,,,,,
Procyon,24.018908,23.346784,12.170487,18.184581,15.047294,27.706841,11.524074,25.454153,10.995163,24.192521,4.054388,17.314382,17.256857,11.854573,27.666423,21.456942,28.370628,26.457155,5.224992,22.419444,15.082493,26.075703,7.271232,20.279161,0.021353,7.55521,,,,,,,,,,,,,,,,,,,,,,
Alkaid,68.104357,67.432234,56.255936,62.27003,29.038156,71.792291,55.609523,69.539602,55.080613,68.277971,48.139838,61.399832,26.828592,32.230877,71.751872,65.542391,72.456078,70.542604,49.310442,66.504894,29.002957,18.009747,51.356682,64.364611,44.106802,36.53024,,,,,,,,,,,,,,,,,,,,,,
Algorab,2.28055,1.608427,9.56787,3.553777,36.785651,5.968484,10.214284,3.715795,10.743194,2.454164,17.683969,4.423975,38.995215,33.59293,5.928065,0.281415,6.632271,4.718798,16.513365,0.681087,36.82085,47.81406,14.467125,1.459196,21.717004,29.293567,,,,,,,,,,,,,,,,,,,,,,
Spica,7.6341,6.961976,4.214321,1.799773,31.432102,11.322034,4.860734,9.069345,5.389644,7.807713,12.330419,0.929574,33.641665,28.239381,11.281615,5.072134,11.985821,10.072347,11.159816,6.034637,31.4673,42.46051,9.113575,3.894353,16.363455,23.940017,,,,,,,,,,,,,,,,,,,,,,
Arcturus,37.975156,37.303032,26.126735,32.140829,1.091046,41.66309,25.480322,39.410401,24.951412,38.148769,18.010636,31.27063,3.300609,2.101675,41.622671,35.41319,42.326877,40.413403,19.18124,36.375693,1.126244,12.119454,21.227481,34.235409,13.977601,6.401039,,,,,,,,,,,,,,,,,,,,,,
Alphecca,45.508197,44.836073,33.659776,39.67387,6.441995,49.19613,33.013362,46.943442,32.484452,45.68181,25.543677,38.803671,4.232432,9.634716,49.155711,42.946231,49.859917,47.946444,26.714281,43.908733,6.406796,4.586414,28.760521,41.76845,21.510642,13.934079,,,,,,,,,,,,,,,,,,,,,,
Vega,57.579579,56.907455,45.731158,51.745252,18.513377,61.267513,45.084745,59.014824,44.555834,57.753192,37.615059,50.875053,16.303814,21.706098,61.227094,55.017613,61.9313,60.017826,38.785663,55.980116,18.478179,7.484969,40.831904,53.839832,33.582024,26.005462,,,,,,,,,,,,,,,,,,,,,,
Deneb Algedi,2.665649,1.993526,9.182771,3.168677,36.400552,6.353583,9.829185,4.100895,10.358095,2.839263,17.29887,4.038876,38.610116,33.207831,6.313164,0.103684,7.01737,5.103897,16.128266,1.066186,36.435751,47.428961,14.082026,1.074097,21.331905,28.908468,,,,,,,,,,,,,,,,,,,,,,
Rigel,10.592941,9.920817,1.25548,4.758614,28.473261,14.280875,1.901893,12.028186,2.430804,10.766554,9.371579,3.888415,30.682824,25.28054,14.240456,8.030975,14.944662,13.031188,8.200975,8.993477,28.508459,39.501669,6.154734,6.853194,13.404614,20.981177,,,,,,,,,,,,,,,,,,,,,,
Betelgeuse,26.201433,25.529309,14.353012,20.367106,12.864769,29.889366,13.706599,27.636678,13.177688,26.375046,6.236913,19.496907,15.074332,9.672048,29.848948,23.639467,30.553153,28.63968,7.407517,24.601969,12.899968,23.893178,9.453757,22.461686,2.203878,5.372685,,,,,,,,,,,,,,,,,,,,,,
Polaris,108.061469,107.389345,96.213048,102.227142,68.995267,111.749403,95.566635,109.496714,95.037724,108.235082,88.096949,101.356943,66.785704,72.187988,111.708984,105.499503,112.41319,110.499716,89.267553,106.462006,68.960069,57.966859,91.313794,104.321722,84.063914,76.487352,,,,,,,,,,,,,,,,,,,,,,
Castor,50.680835,50.008712,38.832415,44.846508,11.614634,54.368769,38.186001,52.11608,37.657091,50.854449,30.716316,43.97631,9.40507,14.807355,54.32835,48.11887,55.032556,53.119083,31.88692,49.081372,11.579435,0.586225,33.93316,46.941089,26.683281,19.106718,,,,,,,,,,,,,,,,,,,,,,
Altair,27.663521,26.991397,15.8151,21.829194,11.402681,31.351455,15.168687,29.098766,14.639777,27.837134,7.699002,20.958995,13.612244,8.20996,31.311036,25.101555,32.015242,30.101768,8.869605,26.064058,11.437879,22.431089,10.915846,23.923774,3.665966,3.910596,,,,,,,,,,,,,,,,,,,,,,
Bellatrix,25.144171,24.472048,13.295751,19.309844,13.92203,28.832105,12.649337,26.579416,12.120427,25.317785,5.179652,18.439646,16.131594,10.729309,28.791686,22.582206,29.495892,27.582419,6.350256,23.544708,13.957229,24.950439,8.396496,21.404425,1.146617,6.429946,,,,,,,,,,,,,,,,,,,,,,
,,,,,,,,,,,,,,,,,,,,,,,,,,,,,,,,,,,,,,,,,,,,,,,,
"TRANSIT → NATAL — RA distances (transit on rows, natal on columns)",,,,,,,,,,,,,,,,,,,,,,,,,,,,,,,,,,,,,,,,,,,,,,,,
,Ceres,Chiron,Eris,Juno,Jupiter,Ketu,Mars,Mercury,Moon,Neptune,Pallas,Pluto,Rahu,Saturn,Sun,Uranus,Venus,Vesta,equator,Gonggong,Haumea,Makemake,Orcus,Quaoar,Sedna,Transpluto,Aldebaran,Antares,Fomalhaut,Regulus,Algol,Pleiades,Capella,Sirius,Procyon,Alkaid,Algorab,Spica,Arcturus,Alphecca,Vega,Deneb Algedi,Rigel,Betelgeuse,Polaris,Castor,Altair,Bellatrix
Ceres,175.562123,160.542245,36.189783,91.886198,3.880535,132.154323,138.688242,178.933402,58.070437,112.71491,165.095264,166.842363,47.845677,5.041004,167.223061,99.278488,120.346182,100.846953,,87.994815,138.702995,121.705452,80.269539,171.6925,12.455341,88.958458,9.489831,172.150632,75.083601,92.598006,12.447403,2.619178,19.684281,41.796159,55.333532,147.383105,127.96755,141.798602,154.41427,174.16984,140.268123,92.737898,19.143963,29.302284,21.187978,54.158442,121.804561,21.792212
Chiron,122.671253,107.651375,16.701087,38.995328,56.771405,79.263453,168.420888,126.042532,5.179567,59.82404,142.013865,113.951493,100.736547,47.849866,114.332191,46.387618,67.455312,47.956083,,35.103945,168.406135,174.596322,133.160409,118.80163,40.435529,141.849328,62.380701,119.259762,22.192731,145.488876,40.443467,50.271692,72.575151,94.687029,108.224402,159.726025,179.14158,165.310528,152.69486,132.93929,87.377252,39.847028,72.034834,82.193154,31.702892,107.049312,68.913691,74.683082
Eris,141.966219,126.946341,2.593878,58.290294,37.476439,98.558419,172.284146,145.337497,24.474533,79.119006,161.308831,133.246459,81.441581,28.5549,133.627157,65.682584,86.750278,67.251049,,54.398911,172.298899,155.301356,113.865443,138.096596,21.140563,122.554362,43.085735,138.554728,41.487696,126.19391,21.148501,30.976726,53.280185,75.392063,88.929436,179.020991,161.563454,175.394506,171.989826,152.234256,106.672218,59.141994,52.739868,62.898188,12.407926,87.754346,88.208656,55.388116
Juno,36.691404,21.671526,102.680936,46.984521,142.751254,6.716395,82.441039,40.062683,80.800282,26.155808,56.034017,27.971645,173.283605,133.829714,28.352343,39.592231,18.524537,38.023766,,50.875904,82.426287,99.423829,140.859742,32.821781,126.415378,132.170823,148.36055,33.279913,63.787118,128.531275,126.423316,136.25154,158.555,179.333122,165.795749,73.746176,93.161731,79.330679,66.715012,46.959441,1.397404,46.132821,158.014682,168.173003,117.68274,166.970839,17.066158,160.662931
Jupiter,85.741795,70.721917,53.630545,2.06587,93.700863,42.333996,131.49143,89.113074,31.749891,22.894583,105.084408,77.022035,137.666004,84.779323,77.402734,9.45816,30.525854,11.026625,,1.825513,131.476677,148.47422,170.089867,81.872172,77.364987,178.778786,99.310159,82.330304,14.736727,177.581666,77.372925,87.201149,109.504609,131.616487,145.15386,122.796567,142.212122,128.38107,115.765403,96.009832,50.447795,2.91757,108.964291,119.122612,68.632349,143.97877,31.984233,111.61254
Ketu,4.689268,19.709146,144.061609,88.365193,175.868074,48.097068,41.060366,1.31799,122.180955,67.536481,14.653344,13.409028,131.902932,175.210387,13.02833,80.972903,59.905209,79.404438,,92.256576,41.045614,58.043157,99.47907,8.558891,167.796051,90.79015,170.258778,8.10076,105.167791,87.150603,167.803988,177.632213,160.064328,137.95245,124.415077,32.365503,51.781059,37.950006,25.334339,5.578769,39.983269,87.513494,160.604645,150.446325,159.063413,125.590166,58.446831,157.956396
Mars,5.542807,20.562685,144.915147,89.218732,175.014535,48.950607,40.206828,2.171528,123.034493,68.39002,13.799805,14.262567,131.049393,176.063926,13.881869,81.826442,60.758748,80.257977,,93.110115,40.192075,57.189618,98.625531,9.41243,168.649589,89.936612,169.405239,8.954298,106.021329,86.297064,168.657527,178.485752,159.210789,137.098911,123.561538,31.511965,50.92752,37.096468,24.4808,4.72523,40.836808,88.367032,159.751106,149.592786,159.916952,124.736628,59.30037,157.102858
Mercury,27.244188,12.22431,112.128152,56.431737,152.19847,16.163611,72.993823,30.615467,90.247498,35.603024,46.586801,18.524428,163.836389,143.27693,18.905127,49.039447,27.971753,47.470982,,60.32312,72.97907,89.976613,131.412526,23.374565,135.862594,122.723607,157.807766,23.832697,73.234334,119.084059,135.870532,145.698756,168.002216,169.885906,156.348533,64.29896,83.714515,69.883463,57.267796,37.512225,8.049812,55.580037,167.461898,177.620219,127.129956,157.523623,26.513374,170.110147
Moon,148.25567,133.235792,8.883329,64.579745,31.186988,104.84787,165.994695,151.626948,30.763984,85.408457,167.598282,139.53591,75.15213,22.265449,139.916608,71.972035,93.039729,73.5405,,60.688362,166.009448,149.011905,107.575992,144.386047,14.851112,116.264911,36.796284,144.844179,47.777147,119.904459,14.85905,24.687275,46.990734,69.102612,82.639985,174.689558,155.274003,169.105055,178.279277,158.523707,112.961669,65.431444,46.450417,56.608737,6.118475,81.464896,94.498107,49.098665
Neptune,107.465277,92.445398,31.907064,23.789351,71.977382,64.057477,153.214911,110.836555,10.02641,44.618064,126.807889,98.745517,115.942523,63.055842,99.126215,31.181641,52.249335,32.750106,,19.897968,153.200159,170.197701,148.366386,103.595654,55.641506,157.055305,77.586678,104.053785,6.986754,160.694853,55.649444,65.477668,87.781128,109.893006,123.430379,144.520048,163.935603,150.104551,137.488884,117.733313,72.171276,24.641051,87.24081,97.399131,46.908868,122.255289,53.707714,89.889059
Pallas,102.1135,87.093622,37.258841,18.437575,77.329158,58.7057,147.863134,105.484778,15.378187,39.266287,121.456112,93.39374,121.2943,68.407619,93.774438,25.829865,46.897559,27.39833,,14.546192,147.848382,164.845925,153.718162,98.243877,60.993283,162.407082,82.938454,98.702008,1.634977,166.046629,61.00122,70.829445,93.132904,115.244782,128.782155,139.168271,158.583827,144.752774,132.137107,112.381537,66.819499,19.289274,92.592587,102.750907,52.260645,127.607066,48.355937,95.240836
Pluto,53.447537,38.427659,85.924804,30.228388,125.995121,10.039737,99.197172,56.818815,64.044149,9.399676,72.790149,44.727777,169.960263,117.073582,45.108475,22.836098,1.768404,21.267633,,34.119771,99.182419,116.179962,157.615875,49.577914,109.659245,148.926956,131.604417,50.036046,47.030986,145.287408,109.667183,119.495408,141.798867,163.910745,177.448118,90.502309,109.917864,96.086812,83.471144,63.715574,18.153536,29.376689,141.25855,151.41687,100.926608,176.273029,0.310026,143.906798
Rahu,175.310732,160.290854,35.938391,91.634807,4.131926,131.902932,138.939634,178.68201,57.819045,112.463519,165.346656,166.590972,48.097068,4.789613,166.97167,99.027097,120.094791,100.595562,,87.743424,138.954386,121.956843,80.52093,171.441109,12.203949,89.20985,9.741222,171.89924,74.832209,92.849397,12.196012,2.367787,19.935672,42.04755,55.584923,147.634497,128.218941,142.049994,154.665661,174.421231,140.016731,92.486506,19.395355,29.553675,20.936587,54.409834,121.553169,22.043604
Saturn,68.578738,53.558859,70.793603,15.097188,110.86392,25.170938,114.328372,71.950016,48.912949,5.731525,87.92135,59.858978,154.829062,101.942381,60.239676,7.704897,13.362796,6.136433,,18.98857,114.31362,131.311163,172.747075,64.709115,94.528045,164.058156,116.473216,65.167246,31.899785,160.418608,94.535983,104.364207,126.667667,148.779545,162.316917,105.633509,125.049065,111.218012,98.602345,78.846775,33.284737,14.245488,126.127349,136.285669,85.795407,161.141828,14.821175,128.775598
Sun,17.924048,2.90417,121.448292,65.751877,161.51861,25.483751,63.673683,21.295327,99.567638,44.923164,37.266661,9.204288,154.516249,152.59707,9.584986,58.359587,37.291893,56.791122,,69.64326,63.65893,80.656473,122.092386,14.054425,145.182734,113.403467,167.127906,14.512557,82.554474,109.763919,145.190672,155.018896,177.322356,160.565766,147.028393,54.97882,74.394375,60.563323,47.947656,28.192085,17.369952,64.900177,176.782038,173.059641,136.450096,148.203483,35.833514,179.430287
Uranus,154.799938,139.78006,15.427597,71.124013,24.64272,111.392138,159.450428,158.171216,37.308251,91.952725,174.14255,146.080178,68.607862,15.721181,146.460876,78.516303,99.583997,80.084768,,67.23263,159.46518,142.467637,101.031724,150.930315,8.306845,109.720644,30.252016,151.388446,54.321415,113.360191,8.314782,18.143007,40.446466,62.558344,76.095717,168.145291,148.729735,162.560788,175.176455,165.067975,119.505937,71.975712,39.906149,50.064469,0.425793,74.920628,101.042375,42.554398
Venus,53.997282,38.977403,85.375059,29.678644,125.445377,10.589482,99.746916,57.36856,63.494405,8.849931,73.339894,45.277522,169.410518,116.523837,45.65822,22.286354,1.21866,20.717889,,33.570027,99.732164,116.729706,158.165619,50.127659,109.109501,149.4767,131.054673,50.58579,46.481241,145.837152,109.117439,118.945663,141.249123,163.361001,176.898374,91.052053,110.467609,96.636556,84.020889,64.265319,18.703281,28.826944,140.708805,150.867126,100.376863,175.723284,0.239719,143.357054
Vesta,9.94165,5.078228,129.430691,73.734275,169.501008,33.46615,55.691285,13.312928,107.550036,52.905563,29.284262,1.22189,146.53385,160.579469,1.602588,66.341985,45.274291,64.77352,,77.625658,55.676532,72.674075,114.109988,6.072027,153.165132,105.421069,175.110304,6.530159,90.536873,101.781521,153.17307,163.001295,174.695246,152.583368,139.045995,46.996422,66.411977,52.580925,39.965257,20.209687,25.352351,72.882575,175.235563,165.077243,144.432495,140.221085,43.815913,172.587315
equator,,,,,,,,,,,,,,,,,,,,,,,,,,,,,,,,,,,,,,,,,,,,,,,,
Gonggong,92.236878,77.216999,47.135463,8.560952,87.20578,48.829078,137.986512,95.608156,25.254809,29.389665,111.57949,83.517118,131.170922,78.284241,83.897816,15.953243,37.020936,17.521707,,4.66957,137.97176,154.969302,163.594785,88.367255,70.869905,172.283704,92.815076,88.825386,8.241645,175.923252,70.877843,80.706067,103.009527,125.121405,138.658777,129.291649,148.707205,134.876152,122.260485,102.504915,56.942877,9.412652,102.469209,112.627529,62.137267,137.483688,38.479315,105.117458
Haumea,26.854612,41.87449,166.226952,110.530537,153.70273,70.262412,18.895023,23.483333,144.346298,89.701824,7.511999,35.574372,109.737588,162.62427,35.193674,103.138247,82.070553,101.569782,,114.42192,18.88027,35.877813,77.313726,30.724235,170.038606,68.624807,148.093434,30.266103,127.333134,64.985259,170.030668,160.202443,137.898984,115.787106,102.249733,10.20016,29.615715,15.784663,3.168996,16.586575,62.148612,109.678837,138.439302,128.280981,178.771244,103.424823,80.612174,135.791053
Makemake,44.806019,59.825897,175.82164,128.481944,135.751323,88.213819,0.943616,41.434741,162.297705,107.653232,25.463407,53.525779,91.786181,144.672862,53.145081,121.089654,100.02196,119.521189,,132.373327,0.928863,17.926406,59.362319,48.675642,152.087199,50.6734,130.142027,48.21751,145.284542,47.033852,152.079261,142.251036,119.947577,97.835699,84.298326,7.751247,11.664308,2.166744,14.782412,34.537982,80.10002,127.630244,120.487894,110.329574,160.819836,85.473415,98.563582,117.839646
Orcus,86.41889,101.438768,134.20877,170.094815,94.138452,129.82669,40.669255,83.047611,156.089424,149.266103,67.076277,95.13865,50.17331,103.059991,94.757952,162.702525,141.634831,161.13406,,173.986198,40.684008,23.686465,17.749448,90.288513,110.474328,9.060529,88.529156,89.830381,173.102588,5.420981,110.46639,100.638165,78.334706,56.222828,42.685455,49.364118,29.948563,43.779615,56.395283,76.150853,121.71289,169.243115,78.875024,68.716703,119.206965,43.860545,140.176452,76.226775
Quaoar,31.25524,16.235362,108.1171,52.420685,148.187418,12.152559,77.004875,34.626519,86.236446,31.591972,50.597853,22.53548,167.847441,139.265878,22.916179,45.028395,23.960701,43.45993,,56.312068,76.990122,93.987665,135.423578,27.385617,131.851542,126.734659,153.796714,27.843749,69.223282,123.095111,131.85948,141.687704,163.991164,173.896958,160.359585,68.310012,87.725567,73.894515,61.278848,41.523277,4.03876,51.568985,163.450846,173.609167,123.118904,161.534675,22.502322,166.099095
Sedna,174.682662,159.662783,35.310321,91.006736,4.759996,131.274862,139.567704,178.05394,57.190975,111.835449,165.974726,165.962902,48.725138,4.161543,166.3436,98.399027,119.46672,99.967491,,87.115354,139.582456,122.584914,81.149001,170.813039,11.575879,89.83792,10.369292,171.27117,74.204139,93.477468,11.567941,1.739717,20.563743,42.675621,56.212993,148.262567,128.847011,142.678064,155.293731,175.049301,139.388661,91.858436,20.023425,30.181745,20.308517,55.037904,120.925099,22.671674
Transpluto,88.728374,103.748252,131.899285,172.404299,91.828968,132.136174,42.978739,85.357096,153.77994,151.575587,69.385762,97.448134,47.863826,100.750507,97.067436,165.012009,143.944315,163.443544,,176.295682,42.993492,25.995949,15.439964,92.597997,108.164844,6.751045,86.219672,92.139865,170.793103,3.111497,108.156906,98.328681,76.025222,53.913344,40.375971,51.673602,32.258047,46.089099,58.704767,78.460337,124.022375,171.552599,76.565539,66.407219,116.897481,41.55106,142.485937,73.917291
Aldebaran,174.947754,170.032368,45.679906,101.376321,5.609588,141.644446,129.198119,171.576475,67.56056,122.205033,155.605142,176.332486,38.355554,14.531127,176.713184,108.768611,129.836305,110.337076,,97.484938,129.212872,112.215329,70.779416,178.817377,21.945464,79.468335,,,,,,,,,,,,,,,,,,,,,,
Antares,3.411544,11.608334,135.960797,80.264381,176.031114,39.996256,49.161178,6.782822,114.080143,59.435669,22.754156,5.308216,140.003744,167.109575,4.927518,72.872091,51.804397,71.303627,,84.155764,49.146426,66.143969,107.579882,0.458079,159.695239,98.890962,,,,,,,,,,,,,,,,,,,,,,
Fomalhaut,100.479845,85.459967,38.892496,16.80392,78.962813,57.072045,146.22948,103.851123,17.011841,37.632632,119.822457,91.760085,122.927955,70.041274,92.140783,24.19621,45.263904,25.764675,,12.912537,146.214727,163.21227,155.351817,96.610222,62.626937,164.040736,,,,,,,,,,,,,,,,,,,,,,
Regulus,91.840588,106.860466,128.787071,175.516513,88.716754,135.248388,46.090954,88.46931,150.667725,154.687801,72.497976,100.560348,44.751612,97.638293,100.17965,168.124223,147.056529,166.555758,,179.407896,46.105706,29.108163,12.32775,95.710211,105.052629,3.638831,,,,,,,,,,,,,,,,,,,,,,
Algol,163.114254,148.094375,23.741913,79.438328,16.328405,119.706454,151.136112,166.485532,45.622567,100.267041,177.543134,154.394494,60.293546,7.406865,154.775192,86.830619,107.898312,88.399083,,75.546946,151.150864,134.153322,92.717409,159.244631,0.007471,101.406328,,,,,,,,,,,,,,,,,,,,,,
Pleiades,172.942797,157.922919,33.570457,89.266872,6.499861,129.534997,141.307568,176.314076,55.451111,110.095584,167.71459,164.223037,50.465003,2.421678,164.603735,96.659162,117.726856,98.227627,,85.375489,141.322321,124.324778,82.888865,169.073174,9.836015,91.577784,,,,,,,,,,,,,,,,,,,,,,
Capella,164.752898,179.772776,55.874761,111.571177,15.804444,151.839302,119.003263,161.38162,77.755416,132.399889,145.410286,173.472658,28.160698,24.725983,173.09196,118.963467,140.031161,120.531932,,107.679794,119.018016,102.020473,60.58456,168.622521,32.14032,69.273479,,,,,,,,,,,,,,,,,,,,,,
Sirius,142.644713,157.664591,77.982947,133.679362,37.912629,173.947488,96.895078,139.273434,99.863601,154.508075,123.3021,151.364473,6.052512,46.834169,150.983775,141.071652,162.139346,142.640117,,129.787979,96.909831,79.912288,38.476375,146.514336,54.248505,47.165294,,,,,,,,,,,,,,,,,,,,,,
Procyon,129.108054,144.127933,91.519605,147.21602,51.449288,172.515854,83.35842,125.736776,113.400259,168.044733,109.765442,137.827814,7.484146,60.370827,137.447116,154.608311,175.676004,156.176775,,143.324638,83.373172,66.37563,24.939717,132.977677,67.785163,33.628636,,,,,,,,,,,,,,,,,,,,,,
Alkaid,37.054966,52.074844,176.427307,120.730891,143.502376,80.462766,8.694668,33.683688,154.546653,99.902179,17.712354,45.774726,99.537234,152.423915,45.394028,113.338601,92.270907,111.770136,,124.622274,8.679916,25.677459,67.113372,40.924589,159.838251,58.424453,,,,,,,,,,,,,,,,,,,,,,
Algorab,56.470861,71.490739,164.156799,140.146786,124.086481,99.878661,10.721226,53.099582,173.962547,119.318074,37.128249,65.190621,80.121339,133.00802,64.809923,132.754496,111.686802,131.186031,,144.038169,10.735979,6.261564,47.697477,60.340484,140.422357,39.008558,,,,,,,,,,,,,,,,,,,,,,
Spica,42.638887,57.658765,177.988772,126.314812,137.918455,86.046687,3.110748,39.267609,160.130573,105.4861,23.296275,51.358647,93.953313,146.839994,50.977949,118.922522,97.854828,117.354057,,130.206195,3.095995,20.093538,61.529451,46.50851,154.254331,52.840532,,,,,,,,,,,,,,,,,,,,,,
Arcturus,30.02982,45.049699,169.402161,113.705746,150.527521,73.43762,15.719814,26.658542,147.521507,92.877033,10.687208,38.74958,106.56238,159.449061,38.368882,106.313456,85.245762,104.744991,,117.597129,15.705062,32.702604,74.138517,33.899443,166.863397,65.449598,,,,,,,,,,,,,,,,,,,,,,
Alphecca,10.266927,25.286805,149.639267,93.942852,170.290415,53.674726,35.482708,6.895648,127.758613,73.114139,9.075686,18.986687,126.325274,179.211955,18.605988,86.550562,65.482868,84.982097,,97.834235,35.467955,52.465498,93.901411,14.13655,173.373709,85.212492,,,,,,,,,,,,,,,,,,,,,,
Vega,35.295115,20.275237,104.077226,48.38081,144.147543,8.112685,81.044749,38.666393,82.196572,27.552098,54.637727,26.575355,171.887315,135.226004,26.956053,40.98852,19.920826,39.420056,,52.272193,81.029997,98.02754,139.463453,31.425492,127.811668,130.774533,,,,,,,,,,,,,,,,,,,,,,
Deneb Algedi,82.825057,67.805179,56.547283,0.850868,96.617601,39.417257,128.574692,86.196336,34.666629,19.977844,102.16767,74.105297,140.582743,87.696062,74.485995,6.541422,27.609116,8.109887,,4.742251,128.559939,145.557482,173.006605,78.955434,80.281725,178.304476,,,,,,,,,,,,,,,,,,,,,,
Rigel,165.293864,179.686258,55.333796,111.030211,15.263478,151.298336,119.544229,161.922585,77.21445,131.858923,145.951251,174.013624,28.701664,24.185018,173.632926,118.422501,139.490195,119.990966,,107.138828,119.558982,102.561439,61.125526,169.163487,31.599354,69.814445,,,,,,,,,,,,,,,,,,,,,,
Betelgeuse,155.135253,170.155131,65.492407,121.188822,25.422089,161.456948,109.385618,151.763974,87.373061,142.017535,135.79264,163.855012,18.543052,34.343629,163.474314,128.581112,149.648806,130.149577,,117.297439,109.40037,92.402828,50.966915,159.004876,41.757965,59.655834,,,,,,,,,,,,,,,,,,,,,,
Polaris,154.357839,139.337961,14.985499,70.681914,25.084819,110.950039,159.892526,157.729118,36.866153,91.510626,173.700452,145.638079,69.049961,16.16328,146.018777,78.074204,99.141898,79.642669,,66.790531,159.907279,142.909736,101.473823,150.488216,8.748943,110.162742,,,,,,,,,,,,,,,,,,,,,,
Castor,130.280193,145.300071,90.347467,146.043882,50.277149,173.687992,84.530558,126.908914,112.228121,166.872595,110.93758,138.999953,6.312008,59.198689,138.619255,153.436172,174.503866,155.004637,,142.152499,84.545311,67.547768,26.111855,134.149816,66.613025,34.800774,,,,,,,,,,,,,,,,,,,,,,
Altair,53.760215,38.740337,85.612126,29.91571,125.682443,10.352415,99.509849,57.131493,63.731472,9.086998,73.102827,45.040455,169.647585,116.760904,45.421153,22.52342,1.455726,20.954955,,33.807093,99.495097,116.49264,157.928553,49.890592,109.346567,149.239634,,,,,,,,,,,,,,,,,,,,,,
Bellatrix,162.645635,177.665513,57.982024,113.67844,17.911707,153.946565,116.896001,159.274357,79.862678,134.507152,143.303023,171.365395,26.053435,26.833246,170.984697,121.07073,142.138424,122.639195,,109.787057,116.910753,99.91321,58.477297,166.515258,34.247582,67.166217,,,,,,,,,,,,,,,,,,,,,,
Ascendant,177.437408,167.542714,43.190252,98.886667,3.119934,139.154792,131.687773,174.066129,65.070906,119.71538,158.094795,173.842832,40.845208,12.041474,174.22353,106.278957,127.346651,107.847422,,94.995284,131.702526,114.704983,73.26907,178.692969,19.45581,81.957989,2.489362,179.151101,82.08407,85.597537,19.447872,9.619647,12.683812,34.79569,48.333063,140.382636,120.967081,134.798133,147.4138,167.169371,147.268592,99.738367,12.143494,22.301815,28.188448,47.157973,128.80503,14.791743
Midheaven,58.78431,43.764432,80.58803,24.891615,120.658348,15.37651,104.533945,62.155589,58.707376,4.062903,78.126922,50.06455,164.62349,111.736809,50.445248,17.499325,3.568369,15.93086,,28.782998,104.519192,121.516735,162.952648,54.914687,104.322472,154.263729,126.267644,55.372819,41.694212,150.624181,104.33041,114.158635,136.462094,158.573972,172.111345,95.839082,115.254637,101.423585,88.807917,69.052347,23.490309,24.039915,135.921777,146.080097,95.589835,170.936255,5.026747,138.570025
Vertex,38.840465,53.860343,178.212806,122.51639,141.716877,82.248265,6.909169,35.469187,156.332152,101.687678,19.497853,47.560225,97.751735,150.638416,47.179527,115.1241,94.056406,113.555636,,126.407773,6.894417,23.89196,65.327873,42.710088,158.052752,56.638953,136.107581,42.251957,139.318988,52.999406,158.044814,148.21659,125.91313,103.801252,90.26388,1.785694,17.629862,3.798809,8.816858,28.572428,74.134466,121.664691,126.453448,116.295128,166.78539,91.438969,92.598028,123.805199
Part_of_Fortune,47.105786,62.125664,173.521873,130.781711,133.451556,90.513586,1.356152,43.734508,164.597473,109.952999,27.763174,55.825546,89.486414,142.373095,55.444848,123.389421,102.321727,121.820956,,134.673094,1.370904,15.626639,57.062552,50.975409,149.787432,48.373633,127.84226,50.517277,147.584309,44.734085,149.779494,139.951269,117.64781,95.535932,81.998559,10.051014,9.364541,4.466512,17.082179,36.837749,82.399787,129.930012,118.188127,108.029807,158.520069,83.173648,100.863349,115.539878
Part_of_Spirit,52.230971,37.211092,87.14137,31.444955,127.211687,8.823171,97.980605,55.602249,65.260716,10.616242,71.573583,43.511211,171.176829,118.290148,43.891909,24.052664,2.984971,22.4842,,35.336337,97.965853,114.963395,156.399308,48.361348,110.875812,147.710389,132.820983,48.819479,48.247552,144.070841,110.88375,120.711974,143.015434,165.127312,178.664685,89.285742,108.701298,94.870245,82.254578,62.499008,16.93697,30.593255,142.475116,152.633436,102.143174,177.489595,1.526592,145.123365
,,,,,,,,,,,,,,,,,,,,,,,,,,,,,,,,,,,,,,,,,,,,,,,,
"TRANSIT → NATAL — DEC distances (transit on rows, natal on columns)",,,,,,,,,,,,,,,,,,,,,,,,,,,,,,,,,,,,,,,,,,,,,,,,
,Ceres,Chiron,Eris,Juno,Jupiter,Ketu,Mars,Mercury,Moon,Neptune,Pallas,Pluto,Rahu,Saturn,Sun,Uranus,Venus,Vesta,equator,Gonggong,Haumea,Makemake,Orcus,Quaoar,Sedna,Transpluto,Aldebaran,Antares,Fomalhaut,Regulus,Algol,Pleiades,Capella,Sirius,Procyon,Alkaid,Algorab,Spica,Arcturus,Alphecca,Vega,Deneb Algedi,Rigel,Betelgeuse,Polaris,Castor,Altair,Bellatrix
Ceres,35.894427,35.222303,24.046006,30.0601,3.171775,39.582361,23.399593,37.329672,22.870683,36.06804,15.929908,29.189901,5.381338,0.020946,39.541942,33.332461,40.246148,38.332674,17.100511,34.294964,3.206973,14.200183,19.146752,32.15468,11.896872,4.32031,0.59048,43.531614,46.725071,5.133835,23.857377,7.00592,28.897543,33.815691,11.875519,32.20993,33.613877,28.260327,2.080729,9.61377,21.685152,33.228777,25.301486,9.692994,72.167042,14.786408,8.230906,10.750256
Chiron,24.058829,23.386706,12.210408,18.224502,15.007372,27.746763,11.563995,25.494074,11.035085,24.232443,4.09431,17.354304,17.216936,11.814651,27.706344,21.496863,28.41055,26.497076,5.264914,22.459366,15.042571,26.035781,7.311154,20.319083,0.061275,7.515288,11.245118,31.696016,34.889473,6.701763,35.692975,18.841518,40.733141,21.980093,0.039922,44.045528,21.778279,16.424729,13.916327,21.449367,33.52075,21.39318,13.465888,2.142603,84.00264,26.622006,3.604692,1.085342
Eris,17.276361,16.604238,5.42794,11.442034,21.78984,20.964295,4.781527,18.711606,4.252617,17.449975,2.688158,10.571836,23.999404,18.597119,20.923876,14.714395,21.628082,19.714608,1.517554,15.676898,21.825039,32.818249,0.528686,13.536615,6.721193,14.297756,18.027586,24.913548,28.107005,13.484231,42.475443,25.623985,47.515609,15.197625,6.742546,50.827996,14.995811,9.642261,20.698795,28.231835,40.303218,14.610712,6.68342,8.925071,90.785108,33.404474,10.38716,7.86781
Juno,4.681551,4.009428,7.166869,1.152776,34.38465,8.369485,7.813283,6.116796,8.342193,4.855165,15.282968,2.022974,36.594214,31.191929,8.329066,2.119586,9.033272,7.119799,14.112364,3.082088,34.419849,45.413059,12.066124,0.941805,19.316003,26.892566,30.622396,12.318738,15.512195,26.079041,55.070253,38.218795,60.110419,2.602815,19.337356,63.422806,2.401001,2.952549,33.293605,40.826645,52.898028,2.015902,5.911389,21.519881,103.379918,45.999284,22.98197,20.46262
Jupiter,5.359297,4.687173,6.489124,0.47503,33.706905,9.047231,7.135537,6.794542,7.664448,5.53291,14.605223,1.345229,35.916468,30.514184,9.006812,2.797331,9.711018,7.797544,13.434619,3.759834,33.742103,44.735313,11.388378,1.61955,18.638258,26.21482,29.94465,12.996484,16.18994,25.401295,54.392507,37.54105,59.432673,3.280561,18.659611,62.74506,3.078746,2.274803,32.615859,40.1489,52.220282,2.693647,5.233644,20.842136,102.702172,45.321539,22.304224,19.784874
Ketu,1.637694,2.309817,13.486115,7.472021,40.703895,2.05024,14.132528,0.202449,14.661438,1.46408,21.602213,8.342219,42.913459,37.511174,2.009821,4.19966,2.714027,0.800553,20.431609,3.237157,40.739094,51.732304,18.385369,5.37744,25.635249,33.211811,36.941641,5.999493,9.19295,32.398286,61.389498,44.538041,66.429664,3.71643,25.656601,69.742051,3.918244,9.271794,39.61285,47.14589,59.217273,4.303343,12.230635,27.839126,109.699163,52.318529,29.301215,26.781865
Mars,1.416287,2.088411,13.264708,7.250614,40.482489,2.271647,13.911121,0.018958,14.440032,1.242674,21.380807,8.120813,42.692052,37.289768,2.231228,3.978253,2.935434,1.02196,20.210203,3.01575,40.517687,51.510897,18.163962,5.156034,25.413842,32.990404,36.720234,6.2209,9.414356,32.176879,61.168091,44.316634,66.208257,3.495023,25.435195,69.520644,3.696838,9.050387,39.391443,46.924484,58.995866,4.081937,12.009228,27.61772,109.477756,52.097123,29.079808,26.560458
Mercury,6.624447,7.296571,18.472868,12.458774,45.690649,2.936513,19.119281,5.189202,19.648191,6.450834,26.588966,13.328973,47.900212,42.497928,2.976932,9.186413,2.272726,4.1862,25.418363,8.22391,45.725847,56.719057,23.372122,10.364194,30.622002,38.198564,41.928394,1.01274,4.206197,37.385039,66.376251,49.524794,71.416417,8.703183,30.643355,74.728804,8.904997,14.258547,44.599603,52.132644,64.204026,9.290097,17.217388,32.82588,114.685916,57.305282,34.287968,31.768618
Moon,28.21599,27.543866,16.367569,22.381663,10.850212,31.903923,15.721156,29.651235,15.192245,28.389603,8.25147,21.511464,13.059775,7.657491,31.863505,25.654024,32.56771,30.654237,9.422074,26.616526,10.885411,21.878621,11.468314,24.476243,4.218435,3.358128,7.087957,35.853176,39.046633,2.544603,31.535814,14.684357,36.57598,26.137253,4.197082,39.888368,25.935439,20.58189,9.759166,17.292207,29.363589,25.55034,17.623049,2.014557,79.845479,22.464846,0.552469,3.071818
Neptune,13.840749,13.168626,1.992328,8.006422,25.225452,17.528683,1.345915,15.275994,0.817005,14.014363,6.12377,7.136223,27.435016,22.032731,17.488264,11.278783,18.19247,16.278996,4.953166,12.241286,25.260651,36.253861,2.906926,10.101003,10.156806,17.733368,21.463198,21.477936,24.671393,16.919843,45.911055,29.059598,50.951221,11.762013,10.178159,54.263608,11.560199,6.206649,24.134407,31.667447,43.73883,11.1751,3.247808,12.360684,94.22072,36.840086,13.822772,11.303422
Pallas,6.387957,5.715833,5.460464,0.55363,32.678245,10.07589,6.106878,7.823202,6.635788,6.56157,13.576563,0.316569,34.887808,29.485524,10.035471,3.825991,10.739677,8.826204,12.405959,4.788493,32.713444,43.706654,10.359719,2.64821,17.609598,25.186161,28.91599,14.025143,17.2186,24.372636,53.363847,36.51239,58.404013,4.30922,17.630951,61.716401,4.107406,1.246143,31.587199,39.12024,51.191622,3.722307,4.204984,19.813476,101.673512,44.292879,21.275564,18.756215
Pluto,3.997314,4.669438,15.845735,9.831641,43.063516,0.30938,16.492148,2.562069,17.021058,3.823701,23.961833,10.70184,45.273079,39.870795,0.349799,6.55928,0.354407,1.559067,22.79123,5.596777,43.098714,54.091924,20.744989,7.737061,27.994869,35.571431,39.301261,3.639873,6.83333,34.757906,63.749118,46.897661,68.789284,6.07605,28.016222,72.101671,6.277864,11.631414,41.97247,49.505511,61.576893,6.662963,14.590255,30.198747,112.058783,54.678149,31.660835,29.141485
Rahu,39.225525,38.553402,27.377104,33.391198,0.159324,42.913459,26.730691,40.66077,26.201781,39.399139,19.261006,32.520999,2.05024,3.352044,42.87304,36.663559,43.577246,41.663772,20.431609,37.626062,0.124125,10.869085,22.47785,35.485778,15.22797,7.651408,3.921578,46.862712,50.056169,8.464933,20.526279,3.674822,25.566445,37.146789,15.206617,28.878832,36.944975,31.591425,1.250369,6.282671,18.354054,36.559876,28.632584,13.024092,68.835944,11.45531,11.562004,14.081354
Saturn,0.224045,0.448079,11.624376,5.610282,38.842157,3.911978,12.270789,1.65929,12.7997,0.397658,19.740475,6.480481,41.05172,35.649436,3.87156,2.337921,4.575766,2.662292,18.569871,1.375419,38.877356,49.870565,16.523631,3.515702,23.77351,31.350073,35.079902,7.861232,11.054688,30.536548,59.527759,42.676302,64.567925,1.854692,23.794863,67.880312,2.056506,7.410055,37.751111,45.284152,57.355534,2.441605,10.368896,25.977388,107.837424,50.456791,27.439476,24.920127
Sun,4.433916,5.10604,16.282337,10.268243,43.500118,0.745983,16.928751,2.998671,17.457661,4.260303,24.398436,11.138442,45.709681,40.307397,0.786401,6.995882,0.082196,1.995669,23.227832,6.03338,43.535317,54.528527,21.181592,8.173663,28.431471,36.008034,39.737863,3.20327,6.396727,35.194509,64.18572,47.334263,69.225886,6.512653,28.452824,72.538274,6.714467,12.068016,42.409072,49.942113,62.013495,7.099566,15.026857,30.635349,112.495385,55.114752,32.097437,29.578088
Uranus,33.535573,32.863449,21.687152,27.701246,5.530629,37.223507,21.040739,34.970818,20.511829,33.709186,13.571053,26.831047,7.740192,2.337908,37.183088,30.973607,37.887294,35.97382,14.741657,31.93611,5.565827,16.559037,16.787898,29.795826,9.538018,1.961456,1.768374,41.17276,44.366217,2.774981,26.216231,9.364774,31.256397,31.456837,9.516665,34.568784,31.255023,25.901473,4.439583,11.972624,24.044006,30.869923,22.942632,7.33414,74.525896,17.145263,5.872052,8.391402
Venus,3.328911,4.001034,15.177332,9.163238,42.395112,0.359023,15.823745,1.893666,16.352655,3.155297,23.29343,10.033437,44.604676,39.202391,0.318604,5.890877,1.02281,0.890664,22.122826,4.928374,42.430311,53.423521,20.076586,7.068657,27.326466,34.903028,38.632858,4.308276,7.501733,34.089503,63.080715,46.229258,68.120881,5.407647,27.347819,71.433268,5.609461,10.963011,41.304067,48.837107,60.90849,5.99456,13.921852,29.530344,111.39038,54.009746,30.992432,28.473082
Vesta,1.150331,1.822455,12.998752,6.984658,40.216533,2.537603,13.645165,0.284914,14.174075,0.976718,21.114851,7.854857,42.426096,37.023812,2.497184,3.712297,3.20139,1.287916,19.944247,2.749794,40.251731,51.244941,17.898006,4.890078,25.147886,32.724448,36.454278,6.486856,9.680313,31.910923,60.902135,44.050678,65.942301,3.229067,25.169239,69.254688,3.430881,8.784431,39.125487,46.658528,58.72991,3.815981,11.743272,27.351764,109.2118,51.831167,28.813852,26.294502
equator,18.793916,18.121792,6.945495,12.959589,20.272286,22.481849,6.299082,20.229161,5.770171,18.967529,1.170604,12.08939,22.481849,17.079565,22.441431,16.23195,23.145636,21.232163,0,17.194452,20.307485,31.300695,2.04624,15.054169,5.203639,12.780202,16.510031,26.431102,29.624559,11.966677,40.957888,24.106431,45.998054,16.715179,5.224992,49.310442,16.513365,11.159816,19.18124,26.714281,38.785663,16.128266,8.200975,7.407517,89.267553,31.88692,8.869605,6.350256
Gonggong,7.246698,6.574575,4.601723,1.412371,31.819503,10.934632,5.248136,8.681943,5.777046,7.420312,12.717821,0.542173,34.029067,28.626782,10.894213,4.684732,11.598419,9.684945,11.547217,5.647235,31.854702,42.847912,9.500977,3.506952,16.750857,24.327419,28.057249,14.883885,18.077342,23.513894,52.505106,35.653649,57.545272,5.167962,16.772209,60.857659,4.966148,0.387402,30.728458,38.261498,50.332881,4.581049,3.346243,18.954734,100.814771,43.434137,20.416823,17.897473
Haumea,33.653531,32.981408,21.80511,27.819204,5.41267,37.341465,21.158697,35.088776,20.629787,33.827145,13.689012,26.949006,7.622234,2.219949,37.301046,31.091565,38.005252,36.091778,14.859616,32.054068,5.447869,16.441079,16.905856,29.913785,9.655977,2.079414,1.650416,41.290718,44.484175,2.892939,26.098273,9.246815,31.138439,31.574795,9.634624,34.450826,31.372981,26.019431,4.321625,11.854665,23.926048,30.987882,23.06059,7.452099,74.407938,17.027304,5.99001,8.50936
Makemake,40.809371,40.137247,28.96095,34.975044,1.743169,44.497304,28.314536,42.244616,27.785626,40.982984,20.844851,34.104845,0.466394,4.93589,44.456886,38.247405,45.161091,43.247618,22.015455,39.209907,1.70797,9.28524,24.061695,37.069624,16.811816,9.235253,5.505424,48.446557,51.640014,10.048778,18.942433,2.090976,23.982599,38.730634,16.790463,27.294987,38.52882,33.175271,2.834215,4.698826,16.770208,38.143721,30.21643,14.607938,67.252098,9.871465,13.14585,15.665199
Orcus,6.726682,6.054559,5.121739,0.892355,32.33952,10.414616,5.768152,8.161927,6.297062,6.900296,13.237837,0.022156,34.549083,29.146799,10.374197,4.164716,11.078403,9.164929,12.067234,5.127219,32.374718,43.367928,10.020993,2.986935,17.270873,24.847435,28.577265,14.363869,17.557326,24.03391,53.025122,36.173665,58.065288,4.647946,17.292226,61.377675,4.446132,0.907418,31.248474,38.781514,50.852897,4.061033,3.866259,19.474751,101.334787,43.954153,20.936839,18.417489
Quaoar,3.245424,2.5733,8.602997,2.588903,35.820778,6.933357,9.249411,4.680669,9.778321,3.419037,16.719096,3.459102,38.030341,32.628057,6.892939,0.683458,7.597144,5.683671,15.548492,1.64596,35.855977,46.849187,13.502252,0.494323,20.752131,28.328694,32.058523,10.88261,14.076067,27.515169,56.50638,39.654923,61.546546,1.166687,20.773484,64.858934,0.964873,4.388676,34.729732,42.262773,54.334155,0.579774,7.347517,22.956009,104.816045,47.435412,24.418097,21.898748
Sedna,26.806669,26.134546,14.958248,20.972342,12.259532,30.494603,14.311835,28.241914,13.782925,26.980283,6.84215,20.102144,14.469096,9.066811,30.454184,24.244704,31.15839,29.244917,8.012754,25.207206,12.294731,23.287941,10.058994,23.066923,2.809115,4.767448,8.497278,34.443856,37.637313,3.953923,32.945135,16.093677,37.985301,24.727933,2.787762,41.297688,24.526119,19.172569,11.168487,18.701527,30.77291,24.14102,16.213728,0.605237,81.2548,23.874166,0.856852,1.662498
Transpluto,29.096909,28.424786,17.248489,23.262582,9.969292,32.784843,16.602075,30.532154,16.073165,29.270523,9.13239,22.392384,12.178856,6.776571,32.744424,26.534944,33.44863,31.535157,10.302994,27.497446,10.004491,20.997701,12.349234,25.357163,5.099355,2.477208,6.207037,36.734096,39.927553,1.663683,30.654894,13.803437,35.69506,27.018173,5.078002,39.007448,26.816359,21.462809,8.878246,16.411287,28.482669,26.43126,18.503969,2.895477,78.964559,21.583926,1.433389,3.952738
Aldebaran,35.302732,34.630608,23.454311,29.468405,3.76347,38.990666,22.807898,36.737977,22.278988,35.476346,15.338213,28.598206,5.973033,0.570749,38.950247,32.740766,39.654453,37.740979,16.508816,33.703269,3.798668,14.791878,18.555057,31.562985,11.305177,3.728615,,,,,,,,,,,,,,,,,,,,,,
Antares,7.637278,8.309401,19.485699,13.471605,46.703479,3.949344,20.132112,6.202033,20.661022,7.463664,27.601797,14.341803,48.913043,43.510758,3.989763,10.199243,3.285557,5.199031,26.431193,9.236741,46.738678,57.731888,24.384953,11.377024,31.634832,39.211395,,,,,,,,,,,,,,,,,,,,,,
Fomalhaut,10.831894,11.504017,22.680315,16.666221,49.898096,7.14396,23.326728,9.396649,23.855638,10.65828,30.796413,17.53642,52.107659,46.705375,7.184379,13.39386,6.480173,8.393647,29.62581,12.431357,49.933294,60.926504,27.579569,14.571641,34.829449,42.406011,,,,,,,,,,,,,,,,,,,,,,
Regulus,30.760326,30.088203,18.911906,24.925999,8.305875,34.44826,18.265492,32.195571,17.736582,30.93394,10.795807,24.055801,10.515439,5.113154,34.407841,28.198361,35.112047,33.198574,11.966411,29.160863,8.341074,19.334284,14.012651,27.02058,6.762772,0.813791,,,,,,,,,,,,,,,,,,,,,,
Algol,59.751979,59.079856,47.903558,53.917652,20.685778,63.439913,47.257145,61.187224,46.728235,59.925593,39.78746,53.047453,18.476214,23.878499,63.399494,57.190013,64.1037,62.190226,40.958064,58.152516,20.650579,9.657369,43.004304,56.012233,35.754424,28.177862,,,,,,,,,,,,,,,,,,,,,,
Pleiades,42.900077,42.227953,31.051656,37.06575,3.833875,46.588011,30.405243,44.335322,29.876333,43.07369,22.935558,36.195551,1.624312,7.026596,46.547592,40.338111,47.251798,45.338324,24.106161,41.300614,3.798677,7.194533,26.152402,39.16033,18.902522,11.32596,,,,,,,,,,,,,,,,,,,,,,
Capella,64.789793,64.117669,52.941372,58.955466,25.723591,68.477726,52.294958,66.225038,51.766048,64.963406,44.825273,58.085267,23.514028,28.916312,68.437308,62.227827,69.141513,67.22804,45.995877,63.190329,25.688392,14.695182,48.042117,61.050046,40.792238,33.215675,,,,,,,,,,,,,,,,,,,,,,
Sirius,2.071061,1.398937,9.77736,3.763266,36.995141,5.758995,10.423773,3.506306,10.952684,2.244674,17.893459,4.633465,39.204704,33.80242,5.718576,0.490905,6.422782,4.509308,16.722855,0.471597,37.030339,48.023549,14.676614,1.668686,21.926494,29.503057,,,,,,,,,,,,,,,,,,,,,,
Procyon,24.012565,23.340441,12.164144,18.178238,15.053637,27.700499,11.517731,25.44781,10.98882,24.186178,4.048045,17.308039,17.2632,11.860916,27.66008,21.450599,28.364286,26.450812,5.218649,22.413102,15.088835,26.082045,7.26489,20.272818,0.01501,7.561552,,,,,,,,,,,,,,,,,,,,,,
Alkaid,68.10366,67.431537,56.255239,62.269333,29.037459,71.791594,55.608826,69.538905,55.079916,68.277274,48.139141,61.399134,26.827895,32.230179,71.751175,65.541694,72.455381,70.541907,49.309744,66.504197,29.00226,18.00905,51.355985,64.363914,44.106105,36.529543,,,,,,,,,,,,,,,,,,,,,,
Algorab,2.279492,1.607369,9.568928,3.554835,36.786709,5.967426,10.215342,3.714737,10.744252,2.453106,17.685027,4.425033,38.996273,33.593988,5.927007,0.282473,6.631213,4.71774,16.514423,0.680029,36.821908,47.815118,14.468183,1.460254,21.718062,29.294625,,,,,,,,,,,,,,,,,,,,,,
Spica,7.633671,6.961548,4.21475,1.799344,31.432531,11.321605,4.861163,9.068916,5.390073,7.807285,12.330848,0.929145,33.642094,28.23981,11.281186,5.071705,11.985392,10.071918,11.160245,6.034208,31.467729,42.460939,9.114004,3.893924,16.363884,23.940446,,,,,,,,,,,,,,,,,,,,,,
Arcturus,37.962962,37.290839,26.114541,32.128635,1.103239,41.650896,25.468128,39.398207,24.939218,38.136576,17.998443,31.258436,3.312803,2.089482,41.610477,35.400996,42.314683,40.401209,19.169047,36.363499,1.138438,12.131648,21.215287,34.223216,13.965407,6.388845,,,,,,,,,,,,,,,,,,,,,,
Alphecca,45.507044,44.834921,33.658624,39.672717,6.440843,49.194978,33.01221,46.942289,32.4833,45.680658,25.542525,38.802519,4.231279,9.633564,49.154559,42.945079,49.858765,47.945292,26.713129,43.907581,6.405644,4.587566,28.759369,41.767298,21.50949,13.932927,,,,,,,,,,,,,,,,,,,,,,
Vega,57.580538,56.908415,45.732118,51.746211,18.514337,61.268472,45.085704,59.015783,44.556794,57.754152,37.616019,50.876013,16.304773,21.707058,61.228053,55.018573,61.932259,60.018786,38.786623,55.981075,18.479138,7.485928,40.832863,53.840792,33.582984,26.006421,,,,,,,,,,,,,,,,,,,,,,
Deneb Algedi,2.663657,1.991533,9.184764,3.17067,36.402545,6.35159,9.831178,4.098902,10.360088,2.83727,17.300863,4.040869,38.612109,33.209824,6.311171,0.101691,7.015377,5.101904,16.130259,1.064193,36.437744,47.430954,14.084019,1.07609,21.333898,28.910461,,,,,,,,,,,,,,,,,,,,,,
Rigel,10.592494,9.92037,1.255927,4.758167,28.473708,14.280428,1.90234,12.027739,2.431251,10.766107,9.372026,3.887968,30.683271,25.280987,14.240009,8.030528,14.944215,13.030741,8.201422,8.993031,28.508906,39.502116,6.155181,6.852747,13.405061,20.981623,,,,,,,,,,,,,,,,,,,,,,
Betelgeuse,26.201255,25.529131,14.352834,20.366928,12.864947,29.889189,13.706421,27.6365,13.177511,26.374869,6.236736,19.496729,15.07451,9.672226,29.84877,23.639289,30.552976,28.639502,7.407339,24.601792,12.900145,23.893355,9.45358,22.461508,2.2037,5.372862,,,,,,,,,,,,,,,,,,,,,,
Polaris,108.062008,107.389885,96.213587,102.227681,68.995807,111.749942,95.567174,109.497253,95.038264,108.235622,88.097489,101.357482,66.786243,72.188528,111.709523,105.500042,112.413729,110.500255,89.268093,106.462545,68.960608,57.967398,91.314333,104.322262,84.064453,76.487891,,,,,,,,,,,,,,,,,,,,,,
Castor,50.680018,50.007894,38.831597,44.845691,11.613816,54.367951,38.185184,52.115263,37.656273,50.853631,30.715498,43.975492,9.404253,14.806537,54.327533,48.118052,55.031739,53.118265,31.886102,49.080554,11.578617,0.585408,33.932343,46.940271,26.682463,19.1059,,,,,,,,,,,,,,,,,,,,,,
Altair,27.665343,26.993219,15.816922,21.831016,11.400859,31.353276,15.170509,29.100588,14.641598,27.838956,7.700823,20.960817,13.610422,8.208138,31.312858,25.103377,32.017064,30.10359,8.871427,26.065879,11.436058,22.429267,10.917667,23.925596,3.667788,3.908775,,,,,,,,,,,,,,,,,,,,,,
Bellatrix,25.14384,24.471716,13.295419,19.309513,13.922362,28.831774,12.649006,26.579085,12.120095,25.317453,5.17932,18.439314,16.131925,10.729641,28.791355,22.581874,29.495561,27.582087,6.349924,23.544376,13.95756,24.95077,8.396165,21.404093,1.146285,6.430278,,,,,,,,,,,,,,,,,,,,,,
Ascendant,40.473114,39.80099,28.624693,34.638787,1.406912,44.161047,27.97828,41.908359,27.449369,40.646727,20.508594,33.768588,0.802651,4.599633,44.120629,37.911148,44.824835,42.911361,21.679198,38.87365,1.371713,9.621497,23.725438,36.733367,16.475559,8.898996,5.169167,48.110301,51.303757,9.712521,19.27869,2.427233,24.318856,38.394377,16.454206,27.631244,38.192563,32.839014,2.497958,5.035083,17.106465,37.807464,29.880173,14.271681,67.588355,10.207722,12.809593,15.328942
Midheaven,1.243851,1.915975,13.092272,7.078178,40.310053,2.444082,13.738685,0.191394,14.267596,1.070238,21.208371,7.948377,42.519616,37.117332,2.403664,3.805817,3.10787,1.194396,20.037767,2.843315,40.345252,51.338461,17.991527,4.983598,25.241406,32.817969,36.547798,6.393336,9.586792,32.004444,60.995655,44.144198,66.035821,3.322588,25.262759,69.348208,3.524402,8.877951,39.219007,46.752048,58.82343,3.909501,11.836792,27.445284,109.30532,51.924687,28.907372,26.388023
Vertex,8.376984,7.704861,3.471436,2.542657,30.689217,12.064918,4.11785,9.812229,4.64676,8.550598,11.587535,1.672459,32.898781,27.496496,12.024499,5.815019,12.728705,10.815232,10.416931,6.777521,30.724416,41.717626,8.370691,4.637238,15.62057,23.197133,26.926963,16.014171,19.207628,22.383608,51.37482,34.523362,56.414985,6.298248,15.641923,59.727373,6.096434,0.742884,29.598172,37.131212,49.202594,5.711335,2.215956,17.824448,99.684484,42.303851,19.286537,16.767187
Part_of_Fortune,73.12302,72.450896,61.274599,67.288693,34.056818,76.810953,60.628186,74.558265,60.099275,73.296633,53.1585,66.418494,31.847255,37.249539,76.770535,70.561054,77.474741,75.561267,54.329104,71.523556,34.021619,23.02841,56.375344,69.383273,49.125465,41.548902,37.819073,80.760207,83.953663,42.362427,13.371216,30.222673,8.33105,71.044283,49.104112,5.018663,70.842469,65.48892,35.147864,27.614823,15.543441,70.45737,62.530079,46.921587,34.938449,22.442184,45.459499,47.978848
Part_of_Spirit,7.823208,7.151084,4.025213,1.988881,31.242994,11.511141,4.671626,9.258453,5.200537,7.996821,12.141312,1.118682,33.452557,28.050273,11.470723,5.261242,12.174928,10.261455,10.970708,6.223744,31.278193,42.271403,8.924468,4.083461,16.174347,23.75091,27.480739,15.460394,18.653851,22.937385,51.928596,35.077139,56.968762,5.744471,16.1957,60.28115,5.542657,0.189108,30.151948,37.684989,49.756371,5.157558,2.769733,18.378225,100.238261,42.857628,19.840313,17.320964
