TRANSIT × TRANSIT — RA distances,,,,,,,,,,,,,,,,,,,,,,,,,,,,,,,,,,,,,,,,,,,,,,,,,,,,,
,Ceres,Chiron,Eris,Juno,Jupiter,Ketu,Mars,Mercury,Moon,Neptune,Pallas,Pluto,Rahu,Saturn,Sun,Uranus,Venus,Vesta,equator,Gonggong,Haumea,Makemake,Orcus,Quaoar,Sedna,Transpluto,Aldebaran,Antares,Fomalhaut,Regulus,Algol,Pleiades,Capella,Sirius,Procyon,Alkaid,Algorab,Spica,Arcturus,Alphecca,Vega,Deneb Algedi,Rigel,Betelgeuse,Polaris,Castor,Altair,Bellatrix,Ascendant,Midheaven,Vertex,Part_of_Fortune,Part_of_Spirit
Ceres,0,48.678001,30.012382,119.408983,78.619112,179.094781,146.880562,111.496538,133.749328,63.758534,59.276228,117.078082,0.905219,98.923644,110.255192,17.589424,133.977396,139.079581,,79.374372,161.701133,143.494878,101.312072,139.566099,2.511427,99.165687,13.159839,168.476314,71.414017,96.271911,8.780005,1.049654,23.354675,45.464785,59.00232,151.060174,131.642627,145.47451,158.083487,177.845927,136.594749,89.067749,22.814336,32.973557,17.7902,57.830272,118.130882,25.462723,52.477894,68.182441,175.852852,63.517586,168.473374
Chiron,48.678001,0,18.665619,70.730982,29.941111,130.41678,98.202561,62.818537,177.572671,15.080533,10.598227,68.400081,49.58322,50.245643,61.577191,31.088577,85.299395,90.40158,,30.696371,149.620866,167.827121,149.990073,90.888098,51.189428,147.843688,61.83784,119.798313,22.736016,144.949912,39.897996,49.727655,72.032676,94.142786,107.680321,160.261825,179.679372,165.847489,153.238512,133.476072,87.916748,40.389748,71.492337,81.651558,30.8878,106.508273,69.452881,74.140724,101.155895,19.50444,127.174851,14.839585,142.848625
Eris,30.012382,18.665619,0,89.396601,48.60673,149.082398,116.868179,81.484156,163.76171,33.746152,29.263845,87.0657,30.917602,68.911262,80.242809,12.422958,103.965014,109.067199,,49.361989,168.286484,173.50726,131.324455,109.553717,32.52381,129.17807,43.172222,138.463932,41.401634,126.284293,21.232377,31.062036,53.367058,75.477167,89.014703,178.927443,161.65501,175.486893,171.904131,152.141691,106.582366,59.055367,52.826718,62.98594,12.222182,87.842654,88.1185,55.475105,82.490276,38.170059,145.840469,33.505204,161.514243
Juno,119.408983,70.730982,89.396601,0,40.789871,59.685797,27.471579,7.912445,106.841689,55.650449,60.132755,2.330901,120.314203,20.485339,9.153792,101.819559,14.568413,19.670598,,40.034611,78.889884,97.096139,139.278945,20.157116,121.92041,141.425329,132.568822,49.067331,47.994966,144.319106,110.628978,120.458637,142.763658,164.873768,178.411304,89.530843,108.94839,95.116507,82.50753,62.74509,17.185765,30.341234,142.223319,152.38254,101.618783,177.239255,1.278101,144.871706,171.886877,51.226542,56.443868,55.891397,72.117643
Jupiter,78.619112,29.941111,48.60673,40.789871,0,100.475668,68.261449,32.877426,147.631559,14.860578,19.342885,38.45897,79.524332,20.304532,31.636079,61.029688,55.358284,60.460469,,0.755259,119.679754,137.88601,179.931185,60.946987,81.13054,177.7848,91.778952,89.857202,7.205096,174.891023,69.839107,79.668767,101.973788,124.083897,137.621433,130.320713,149.73826,135.906377,123.297401,103.534961,57.975636,10.448637,101.433448,111.59267,60.828912,136.449385,39.51177,104.081835,131.097006,10.436671,97.233739,15.101526,112.907513
Ketu,179.094781,130.41678,149.082398,59.685797,100.475668,0,32.214219,67.598242,47.155891,115.336247,119.818553,62.016699,180,80.171137,68.839589,161.505356,45.117384,40.015199,,99.720409,19.204086,37.410342,79.593147,39.528681,178.393792,81.739532,167.74538,10.618466,107.680764,84.633309,170.314775,179.855565,157.550544,135.440435,121.902899,29.845045,49.262592,35.430709,22.821732,3.059293,42.500032,90.027031,158.090884,147.931662,161.30458,123.074947,60.963898,155.442497,128.427325,110.912339,3.241929,115.577194,12.431845
Mars,146.880562,98.202561,116.868179,27.471579,68.261449,32.214219,0,35.384024,79.37011,83.122028,87.604334,29.80248,147.785781,47.956918,36.62537,129.291137,12.903165,7.80098,,67.50619,51.418305,69.624561,111.807366,7.314462,149.391989,113.953751,160.040401,21.595752,75.466545,116.847528,138.100556,147.930216,170.235237,167.654654,154.117118,62.059264,81.476811,67.644928,55.035951,35.273512,10.285813,57.812812,169.694897,179.854119,129.090361,155.289166,28.749679,172.343284,160.641544,78.69812,28.97229,83.362975,44.646064
Mercury,111.496538,62.818537,81.484156,7.912445,32.877426,67.598242,35.384024,0,114.754134,47.738004,52.22031,5.581544,112.401758,12.572894,1.241346,93.907114,22.480858,27.583043,,32.122166,86.802329,105.008584,147.19139,28.069561,114.007965,149.337774,124.656377,56.979776,40.082521,152.231551,102.716533,112.546192,134.851213,156.961323,170.498858,97.443288,116.860835,103.028952,90.419975,70.657535,25.09821,22.428789,134.310874,144.470095,93.706338,169.32681,6.634344,136.959261,163.974432,43.314097,64.356314,47.978952,80.030088
Moon,133.749328,177.572671,163.76171,106.841689,147.631559,47.155891,79.37011,114.754134,0,162.492138,166.974444,109.17259,132.844109,127.327028,115.99548,151.338752,92.273275,87.17109,,146.8763,27.951805,9.74555,32.437256,86.684573,131.237901,34.583641,120.589489,57.774358,154.836655,37.477417,142.529334,132.699674,110.394653,88.284543,74.747008,17.310846,2.106701,11.725182,24.334159,44.096599,89.655923,137.182923,110.934992,100.775771,151.539529,75.919056,108.11979,108.286605,81.271434,158.068231,50.39782,162.733086,34.724046
Neptune,63.758534,15.080533,33.746152,55.650449,14.860578,115.336247,83.122028,47.738004,162.492138,0,4.482306,53.319548,64.663753,35.16511,46.496658,46.16911,70.218862,75.321047,,15.615838,134.540333,152.746588,165.070606,75.807565,66.269961,162.924221,76.918373,104.71778,7.655483,160.030445,54.978529,64.808188,87.113209,109.223319,122.760854,145.181292,164.598839,150.766956,138.157979,118.395539,72.836215,25.309215,86.57287,96.732091,45.968333,121.588806,54.372348,89.221257,116.236428,4.423907,112.094318,0.240948,127.768092
Pallas,59.276228,10.598227,29.263845,60.132755,19.342885,119.818553,87.604334,52.22031,166.974444,4.482306,0,57.801854,60.181447,39.647416,50.978964,41.686804,74.701169,79.803354,,20.098144,139.022639,157.228895,160.5883,80.289872,61.787655,158.441915,72.436067,109.200086,12.137789,155.548138,50.496222,60.325882,82.630903,104.741012,118.278548,149.663598,169.081145,155.249262,142.640285,122.877846,77.318521,29.791522,82.090563,92.249785,41.486027,117.1065,58.854655,84.73895,111.754122,8.906214,116.576624,4.241359,132.250398
Pluto,117.078082,68.400081,87.0657,2.330901,38.45897,62.016699,29.80248,5.581544,109.17259,53.319548,57.801854,0,117.983301,18.154438,6.82289,99.488658,16.899314,22.001499,,37.70371,81.220785,99.42704,141.609846,22.488017,119.589509,143.756231,130.237921,51.398232,45.664065,146.650007,108.298077,118.127736,140.432757,162.542867,176.080402,91.861744,111.279291,97.447408,84.838431,65.075991,19.516667,28.010333,139.892418,150.051639,99.287881,174.908354,1.0528,142.540805,169.555976,48.895641,58.77477,53.560496,74.448544
Rahu,0.905219,49.58322,30.917602,120.314203,79.524332,180,147.785781,112.401758,132.844109,64.663753,60.181447,117.983301,0,99.828863,111.160411,18.494644,134.882616,139.984801,,80.279591,160.795914,142.589658,100.406853,140.471319,1.606208,98.260468,12.25462,169.381534,72.319236,95.366691,9.685225,0.144435,22.449456,44.559565,58.097101,150.154955,130.737408,144.569291,157.178268,176.940707,137.499968,89.972969,21.909116,32.068338,18.69542,56.925053,119.036102,24.557503,51.572675,69.087661,176.758071,64.422806,167.568155
Saturn,98.923644,50.245643,68.911262,20.485339,20.304532,80.171137,47.956918,12.572894,127.327028,35.16511,39.647416,18.154438,99.828863,0,11.331548,81.33422,35.053752,40.155937,,19.549272,99.375223,117.581478,159.764284,40.642455,101.435071,161.910669,112.083483,69.55267,27.509627,164.804445,90.143639,99.973298,122.278319,144.388429,157.925964,110.016182,129.433729,115.601846,102.992869,83.230429,37.671105,9.855895,121.73798,131.897201,81.133444,156.753916,19.207238,124.386367,151.401538,30.741203,76.929208,35.406058,92.602982
Sun,110.255192,61.577191,80.242809,9.153792,31.636079,68.839589,36.62537,1.241346,115.99548,46.496658,50.978964,6.82289,111.160411,11.331548,0,92.665767,23.722205,28.82439,,30.88082,88.043675,106.249931,148.432736,29.310908,112.766619,150.579121,123.415031,58.221122,38.841175,153.472898,101.475186,111.304846,133.609867,155.719976,169.257512,98.684634,118.102181,104.270298,91.661321,71.898882,26.339557,21.187442,133.069527,143.228749,92.464991,168.085464,7.875691,135.717914,162.733086,42.07275,65.59766,46.737605,81.271434
Uranus,17.589424,31.088577,12.422958,101.819559,61.029688,161.505356,129.291137,93.907114,151.338752,46.16911,41.686804,99.488658,18.494644,81.33422,92.665767,0,116.387972,121.490157,,61.784948,179.290557,161.084302,118.901496,121.976675,20.100851,116.755112,30.749263,150.88689,53.824593,113.861335,8.809419,18.639078,40.944099,63.054209,76.591745,168.649598,149.232051,163.063935,175.672911,164.564649,119.005324,71.478325,40.40376,50.562982,0.200776,75.419696,100.541458,43.052147,70.067318,50.593017,158.263427,45.928162,173.937202
Venus,133.977396,85.299395,103.965014,14.568413,55.358284,45.117384,12.903165,22.480858,92.273275,70.218862,74.701169,16.899314,134.882616,35.053752,23.722205,116.387972,0,5.102185,,54.603025,64.32147,82.527726,124.710531,5.588703,136.488824,126.856916,147.137236,34.498918,62.56338,129.750693,125.197391,135.027051,157.332072,179.442181,167.020283,74.962429,94.379976,80.548093,67.939117,48.176677,2.617352,44.909647,156.791732,166.950954,116.187196,168.192331,15.846514,159.440119,173.54471,65.794955,41.875455,70.45981,57.549229
Vesta,139.079581,90.40158,109.067199,19.670598,60.460469,40.015199,7.80098,27.583043,87.17109,75.321047,79.803354,22.001499,139.984801,40.155937,28.82439,121.490157,5.102185,0,,59.70521,59.219285,77.425541,119.608346,0.486518,141.591009,121.754731,152.239421,29.396733,67.665565,124.648508,130.299576,140.129236,162.434257,175.455634,161.918098,69.860244,89.277791,75.445908,62.836932,43.074492,2.484833,50.011832,161.893917,172.053139,121.289381,163.090146,20.948699,164.542304,168.442525,70.89714,36.77327,75.561995,52.447044
equator,,,,,,,,,,,,,,,,,,,,,,,,,,,,,,,,,,,,,,,,,,,,,,,,,,,,,
Gonggong,79.374372,30.696371,49.361989,40.034611,0.755259,99.720409,67.50619,32.122166,146.8763,15.615838,20.098144,37.70371,80.279591,19.549272,30.88082,61.784948,54.603025,59.70521,,0,118.924495,137.130751,179.313556,60.191728,81.885799,178.540059,92.534211,89.101942,7.960355,175.646283,70.594366,80.424026,102.729047,124.839156,138.376692,129.565454,148.983001,135.151118,122.542141,102.779701,57.220377,9.693378,102.188707,112.347929,61.584171,137.204644,38.756511,104.837095,131.852266,11.19193,96.47848,15.856785,112.152254
Haumea,161.701133,149.620866,168.286484,78.889884,119.679754,19.204086,51.418305,86.802329,27.951805,134.540333,139.022639,81.220785,160.795914,99.375223,88.043675,179.290557,64.32147,59.219285,,118.924495,0,18.206255,60.389061,58.732767,159.189706,62.535446,148.541294,29.822553,126.88485,65.429222,170.481139,160.651479,138.346458,116.236348,102.698813,10.640959,30.058506,16.226623,3.617646,16.144794,61.704118,109.231117,138.886797,128.727576,179.491334,103.870861,80.167984,136.23841,109.223239,130.116426,22.446015,134.78128,6.772241
Makemake,143.494878,167.827121,173.50726,97.096139,137.88601,37.410342,69.624561,105.008584,9.74555,152.746588,157.228895,99.42704,142.589658,117.581478,106.249931,161.084302,82.527726,77.425541,,137.130751,18.206255,0,42.182806,76.939023,140.983451,44.32919,130.335038,48.028808,145.091105,47.222967,152.274883,142.445224,120.140203,98.030093,84.492557,7.565296,11.852251,1.979633,14.588609,34.351049,79.910374,127.437373,120.680542,110.52132,161.285078,85.664606,98.37424,118.032155,91.016984,148.322681,40.652271,152.987536,24.978497
Orcus,101.312072,149.990073,131.324455,139.278945,179.931185,79.593147,111.807366,147.19139,32.437256,165.070606,160.5883,141.609846,100.406853,159.764284,148.432736,118.901496,124.710531,119.608346,,179.313556,60.389061,42.182806,0,119.121828,98.800645,2.146385,88.152233,90.211614,172.726089,5.040161,110.092078,100.262418,77.957397,55.847287,42.309752,49.748102,30.330555,44.162438,56.771415,76.533855,122.093179,169.620179,78.497736,68.338515,119.102273,43.4818,140.557046,75.849349,48.834178,169.494513,82.835076,164.829658,67.161302
Quaoar,139.566099,90.888098,109.553717,20.157116,60.946987,39.528681,7.314462,28.069561,86.684573,75.807565,80.289872,22.488017,140.471319,40.642455,29.310908,121.976675,5.588703,0.486518,,60.191728,58.732767,76.939023,119.121828,0,142.077527,121.268213,152.725939,28.910215,68.152083,124.16199,130.786094,140.615754,162.920775,174.969116,161.43158,69.373726,88.791273,74.95939,62.350414,42.587974,2.971351,50.49835,162.380435,172.539657,121.775899,162.603629,21.435217,165.028822,167.956007,71.383658,36.286752,76.048513,51.960526
Sedna,2.511427,51.189428,32.52381,121.92041,81.13054,178.393792,149.391989,114.007965,131.237901,66.269961,61.787655,119.589509,1.606208,101.435071,112.766619,20.100851,136.488824,141.591009,,81.885799,159.189706,140.983451,98.800645,142.077527,0,96.65426,10.648412,170.987741,73.925444,93.760484,11.291433,1.461773,20.843248,42.953358,56.490893,148.548747,129.1312,142.963083,155.57206,175.3345,139.106176,91.579176,20.302909,30.46213,20.301628,55.318845,120.64231,22.951296,49.966467,70.693868,178.364279,66.029013,165.961947
Transpluto,99.165687,147.843688,129.17807,141.425329,177.7848,81.739532,113.953751,149.337774,34.583641,162.924221,158.441915,143.756231,98.260468,161.910669,150.579121,116.755112,126.856916,121.754731,,178.540059,62.535446,44.32919,2.146385,121.268213,96.65426,0,86.005848,92.357998,170.579704,2.893777,107.945693,98.116033,75.811012,53.700903,40.163367,51.894487,32.47694,46.308823,58.917799,78.680239,124.239564,171.766563,76.351352,66.19213,116.955888,41.335415,142.70343,73.702965,46.687793,167.348129,84.981461,162.683274,69.307687
Aldebaran,13.159839,61.83784,43.172222,132.568822,91.778952,167.74538,160.040401,124.656377,120.589489,76.918373,72.436067,130.237921,12.25462,112.083483,123.415031,30.749263,147.137236,152.239421,,92.534211,148.541294,130.335038,88.152233,152.725939,10.648412,86.005848,,,,,,,,,,,,,,,,,,,,,,,39.318055,81.342281,170.987309,76.677426,155.313535
Antares,168.476314,119.798313,138.463932,49.067331,89.857202,10.618466,21.595752,56.979776,57.774358,104.71778,109.200086,51.398232,169.381534,69.55267,58.221122,150.88689,34.498918,29.396733,,89.101942,29.822553,48.028808,90.211614,28.910215,170.987741,92.357998,,,,,,,,,,,,,,,,,,,,,,,139.045792,100.293873,7.376538,104.958728,23.050312
Fomalhaut,71.414017,22.736016,41.401634,47.994966,7.205096,107.680764,75.466545,40.082521,154.836655,7.655483,12.137789,45.664065,72.319236,27.509627,38.841175,53.824593,62.56338,67.665565,,7.960355,126.88485,145.091105,172.726089,68.152083,73.925444,170.579704,,,,,,,,,,,,,,,,,,,,,,,123.891911,3.231576,104.438835,7.896431,120.112609
Regulus,96.271911,144.949912,126.284293,144.319106,174.891023,84.633309,116.847528,152.231551,37.477417,160.030445,155.548138,146.650007,95.366691,164.804445,153.472898,113.861335,129.750693,124.648508,,175.646283,65.429222,47.222967,5.040161,124.16199,93.760484,2.893777,,,,,,,,,,,,,,,,,,,,,,,43.794017,164.454352,87.875238,159.789497,72.201463
Algol,8.780005,39.897996,21.232377,110.628978,69.839107,170.314775,138.100556,102.716533,142.529334,54.978529,50.496222,108.298077,9.685225,90.143639,101.475186,8.809419,125.197391,130.299576,,70.594366,170.481139,152.274883,110.092078,130.786094,11.291433,107.945693,,,,,,,,,,,,,,,,,,,,,,,61.257899,59.402436,167.072846,54.737581,177.25338
Pleiades,1.049654,49.727655,31.062036,120.458637,79.668767,179.855565,147.930216,112.546192,132.699674,64.808188,60.325882,118.127736,0.144435,99.973298,111.304846,18.639078,135.027051,140.129236,,80.424026,160.651479,142.445224,100.262418,140.615754,1.461773,98.116033,,,,,,,,,,,,,,,,,,,,,,,51.42824,69.232095,176.902506,64.56724,167.42372
Capella,23.354675,72.032676,53.367058,142.763658,101.973788,157.550544,170.235237,134.851213,110.394653,87.113209,82.630903,140.432757,22.449456,122.278319,133.609867,40.944099,157.332072,162.434257,,102.729047,138.346458,120.140203,77.957397,162.920775,20.843248,75.811012,,,,,,,,,,,,,,,,,,,,,,,29.123219,91.537117,160.792473,86.872262,145.118699
Sirius,45.464785,94.142786,75.477167,164.873768,124.083897,135.440435,167.654654,156.961323,88.284543,109.223319,104.741012,162.542867,44.559565,144.388429,155.719976,63.054209,179.442181,175.455634,,124.839156,116.236348,98.030093,55.847287,174.969116,42.953358,53.700903,,,,,,,,,,,,,,,,,,,,,,,7.013109,113.647226,138.682364,108.982371,123.00859
Procyon,59.00232,107.680321,89.014703,178.411304,137.621433,121.902899,154.117118,170.498858,74.747008,122.760854,118.278548,176.080402,58.097101,157.925964,169.257512,76.591745,167.020283,161.918098,,138.376692,102.698813,84.492557,42.309752,161.43158,56.490893,40.163367,,,,,,,,,,,,,,,,,,,,,,,6.524426,127.184762,125.144828,122.519907,109.471054
Alkaid,151.060174,160.261825,178.927443,89.530843,130.320713,29.845045,62.059264,97.443288,17.310846,145.181292,149.663598,91.861744,150.154955,110.016182,98.684634,168.649598,74.962429,69.860244,,129.565454,10.640959,7.565296,49.748102,69.373726,148.548747,51.894487,,,,,,,,,,,,,,,,,,,,,,,98.58228,140.757384,33.086974,145.422239,17.4132
Algorab,131.642627,179.679372,161.65501,108.94839,149.73826,49.262592,81.476811,116.860835,2.106701,164.598839,169.081145,111.279291,130.737408,129.433729,118.102181,149.232051,94.379976,89.277791,,148.983001,30.058506,11.852251,30.330555,88.791273,129.1312,32.47694,,,,,,,,,,,,,,,,,,,,,,,79.164733,160.174932,52.504521,164.839787,36.830747
Spica,145.47451,165.847489,175.486893,95.116507,135.906377,35.430709,67.644928,103.028952,11.725182,150.766956,155.249262,97.447408,144.569291,115.601846,104.270298,163.063935,80.548093,75.445908,,135.151118,16.226623,1.979633,44.162438,74.95939,142.963083,46.308823,,,,,,,,,,,,,,,,,,,,,,,92.996616,146.343048,38.672638,151.007903,22.998864
Arcturus,158.083487,153.238512,171.904131,82.50753,123.297401,22.821732,55.035951,90.419975,24.334159,138.157979,142.640285,84.838431,157.178268,102.992869,91.661321,175.672911,67.939117,62.836932,,122.542141,3.617646,14.588609,56.771415,62.350414,155.57206,58.917799,,,,,,,,,,,,,,,,,,,,,,,105.605593,133.734072,26.063661,138.398927,10.389887
Alphecca,177.845927,133.476072,152.141691,62.74509,103.534961,3.059293,35.273512,70.657535,44.096599,118.395539,122.877846,65.075991,176.940707,83.230429,71.898882,164.564649,48.176677,43.074492,,102.779701,16.144794,34.351049,76.533855,42.587974,175.3345,78.680239,,,,,,,,,,,,,,,,,,,,,,,125.368033,113.971632,6.301222,118.636487,9.372553
Vega,136.594749,87.916748,106.582366,17.185765,57.975636,42.500032,10.285813,25.09821,89.655923,72.836215,77.318521,19.516667,137.499968,37.671105,26.339557,119.005324,2.617352,2.484833,,57.220377,61.704118,79.910374,122.093179,2.971351,139.106176,124.239564,,,,,,,,,,,,,,,,,,,,,,,170.927357,68.412307,39.258103,73.077162,54.931877
Deneb Algedi,89.067749,40.389748,59.055367,30.341234,10.448637,90.027031,57.812812,22.428789,137.182923,25.309215,29.791522,28.010333,89.972969,9.855895,21.187442,71.478325,44.909647,50.011832,,9.693378,109.231117,127.437373,169.620179,50.49835,91.579176,171.766563,,,,,,,,,,,,,,,,,,,,,,,141.545643,20.885308,86.785102,25.550163,102.458876
Rigel,22.814336,71.492337,52.826718,142.223319,101.433448,158.090884,169.694897,134.310874,110.934992,86.57287,82.090563,139.892418,21.909116,121.73798,133.069527,40.40376,156.791732,161.893917,,102.188707,138.886797,120.680542,78.497736,162.380435,20.302909,76.351352,,,,,,,,,,,,,,,,,,,,,,,29.663558,90.996777,161.332813,86.331922,145.659039
Betelgeuse,32.973557,81.651558,62.98594,152.38254,111.59267,147.931662,179.854119,144.470095,100.775771,96.732091,92.249785,150.051639,32.068338,131.897201,143.228749,50.562982,166.950954,172.053139,,112.347929,128.727576,110.52132,68.338515,172.539657,30.46213,66.19213,,,,,,,,,,,,,,,,,,,,,,,19.504337,101.155999,151.173591,96.491144,135.499817
Polaris,17.7902,30.8878,12.222182,101.618783,60.828912,161.30458,129.090361,93.706338,151.539529,45.968333,41.486027,99.287881,18.69542,81.133444,92.464991,0.200776,116.187196,121.289381,,61.584171,179.491334,161.285078,119.102273,121.775899,20.301628,116.955888,,,,,,,,,,,,,,,,,,,,,,,70.268095,50.392241,158.062651,45.727386,173.736425
Castor,57.830272,106.508273,87.842654,177.239255,136.449385,123.074947,155.289166,169.32681,75.919056,121.588806,117.1065,174.908354,56.925053,156.753916,168.085464,75.419696,168.192331,163.090146,,137.204644,103.870861,85.664606,43.4818,162.603629,55.318845,41.335415,,,,,,,,,,,,,,,,,,,,,,,5.352378,126.012713,126.316876,121.347858,110.643102
Altair,118.130882,69.452881,88.1185,1.278101,39.51177,60.963898,28.749679,6.634344,108.11979,54.372348,58.854655,1.0528,119.036102,19.207238,7.875691,100.541458,15.846514,20.948699,,38.756511,80.167984,98.37424,140.557046,21.435217,120.64231,142.70343,,,,,,,,,,,,,,,,,,,,,,,170.608776,49.948441,57.721969,54.613296,73.395743
Bellatrix,25.462723,74.140724,55.475105,144.871706,104.081835,155.442497,172.343284,136.959261,108.286605,89.221257,84.73895,142.540805,24.557503,124.386367,135.717914,43.052147,159.440119,164.542304,,104.837095,136.23841,118.032155,75.849349,165.028822,22.951296,73.702965,,,,,,,,,,,,,,,,,,,,,,,27.015171,93.645164,158.684426,88.980309,143.010652
Ascendant,52.477894,101.155895,82.490276,171.886877,131.097006,128.427325,160.641544,163.974432,81.271434,116.236428,111.754122,169.555976,51.572675,151.401538,162.733086,70.067318,173.54471,168.442525,,131.852266,109.223239,91.016984,48.834178,167.956007,49.966467,46.687793,39.318055,139.045792,123.891911,43.794017,61.257899,51.42824,29.123219,7.013109,6.524426,98.58228,79.164733,92.996616,105.605593,125.368033,170.927357,141.545643,29.663558,19.504337,70.268095,5.352378,170.608776,27.015171,0,120.660335,131.669254,115.99548,115.99548
Midheaven,68.182441,19.50444,38.170059,51.226542,10.436671,110.912339,78.69812,43.314097,158.068231,4.423907,8.906214,48.895641,69.087661,30.741203,42.07275,50.593017,65.794955,70.89714,,11.19193,130.116426,148.322681,169.494513,71.383658,70.693868,167.348129,81.342281,100.293873,3.231576,164.454352,59.402436,69.232095,91.537117,113.647226,127.184762,140.757384,160.174932,146.343048,133.734072,113.971632,68.412307,20.885308,90.996777,101.155999,50.392241,126.012713,49.948441,93.645164,120.660335,0,107.67041,4.664855,123.344184
Vertex,175.852852,127.174851,145.840469,56.443868,97.233739,3.241929,28.97229,64.356314,50.39782,112.094318,116.576624,58.77477,176.758071,76.929208,65.59766,158.263427,41.875455,36.77327,,96.47848,22.446015,40.652271,82.835076,36.286752,178.364279,84.981461,170.987309,7.376538,104.438835,87.875238,167.072846,176.902506,160.792473,138.682364,125.144828,33.086974,52.504521,38.672638,26.063661,6.301222,39.258103,86.785102,161.332813,151.173591,158.062651,126.316876,57.721969,158.684426,131.669254,107.67041,0,112.335265,15.673774
Part_of_Fortune,63.517586,14.839585,33.505204,55.891397,15.101526,115.577194,83.362975,47.978952,162.733086,0.240948,4.241359,53.560496,64.422806,35.406058,46.737605,45.928162,70.45981,75.561995,,15.856785,134.78128,152.987536,164.829658,76.048513,66.029013,162.683274,76.677426,104.958728,7.896431,159.789497,54.737581,64.56724,86.872262,108.982371,122.519907,145.422239,164.839787,151.007903,138.398927,118.636487,73.077162,25.550163,86.331922,96.491144,45.727386,121.347858,54.613296,88.980309,115.99548,4.664855,112.335265,0,128.009039
Part_of_Spirit,168.473374,142.848625,161.514243,72.117643,112.907513,12.431845,44.646064,80.030088,34.724046,127.768092,132.250398,74.448544,167.568155,92.602982,81.271434,173.937202,57.549229,52.447044,,112.152254,6.772241,24.978497,67.161302,51.960526,165.961947,69.307687,155.313535,23.050312,120.112609,72.201463,177.25338,167.42372,145.118699,123.00859,109.471054,17.4132,36.830747,22.998864,10.389887,9.372553,54.931877,102.458876,145.659039,135.499817,173.736425,110.643102,73.395743,143.010652,115.99548,123.344184,15.673774,128.009039,0
,,,,,,,,,,,,,,,,,,,,,,,,,,,,,,,,,,,,,,,,,,,,,,,,,,,,,
TRANSIT × TRANSIT — DEC distances,,,,,,,,,,,,,,,,,,,,,,,,,,,,,,,,,,,,,,,,,,,,,,,,,,,,,
,Ceres,Chiron,Eris,Juno,Jupiter,Ketu,Mars,Mercury,Moon,Neptune,Pallas,Pluto,Rahu,Saturn,Sun,Uranus,Venus,Vesta,equator,Gonggong,Haumea,Makemake,Orcus,Quaoar,Sedna,Transpluto,Aldebaran,Antares,Fomalhaut,Regulus,Algol,Pleiades,Capella,Sirius,Procyon,Alkaid,Algorab,Spica,Arcturus,Alphecca,Vega,Deneb Algedi,Rigel,Betelgeuse,Polaris,Castor,Altair,Bellatrix,Ascendant,Midheaven,Vertex,Part_of_Fortune,Part_of_Spirit
Ceres,0,13.639507,20.448619,31.931365,29.588674,38.927308,42.828897,35.291467,19.730675,23.654047,29.81042,41.607519,0.917484,36.380627,38.43011,4.402691,35.226126,40.568307,19.004912,30.416275,3.933311,3.295677,31.194124,34.495891,10.981804,8.619945,2.496728,45.43618,48.631176,7.039503,21.953295,5.100859,26.992251,35.730308,13.787494,30.303207,35.520923,30.16657,0.162218,7.705799,19.778266,35.135916,27.20832,11.598643,70.264662,12.881766,10.135526,12.656143,3.365478,24.305711,39.576327,22.064913,15.333957
Chiron,13.639507,0,6.809112,18.291857,15.949167,25.2878,29.18939,21.65196,6.091168,10.01454,16.170913,27.968012,14.556991,22.74112,24.790603,9.236817,21.586619,26.928799,5.365405,16.776768,9.706196,16.935184,17.554617,20.856384,2.657703,5.019562,11.142779,31.796673,34.991669,6.600004,35.592803,18.740366,40.631759,22.0908,0.147987,43.942714,21.881416,16.527063,13.801725,21.345306,33.417773,21.496409,13.568813,2.040864,83.904169,26.521273,3.503981,0.983364,17.004985,10.666204,25.93682,35.70442,1.69445
Eris,20.448619,6.809112,0,11.482745,9.140055,18.478688,22.380278,14.842847,0.717944,3.205428,9.3618,21.158899,21.366103,15.932007,17.98149,16.045929,14.777507,20.119687,1.443708,9.967656,16.515308,23.744297,10.745505,14.047272,9.466815,11.828674,17.951892,24.987561,28.182557,13.409116,42.401915,25.549479,47.440871,15.281688,6.661125,50.751826,15.072303,9.717951,20.610837,28.154419,40.226886,14.687296,6.759701,8.849976,90.713281,33.330386,10.313093,7.792476,23.814097,3.857092,19.127708,42.513532,5.114663
Juno,31.931365,18.291857,11.482745,0,2.342691,6.995943,10.897533,3.360102,12.20069,8.277317,2.120945,9.676154,32.848849,4.449262,6.498745,27.528674,3.294761,8.636942,12.926453,1.51509,27.998053,35.227042,0.73724,2.564527,20.949561,23.311419,29.434637,13.504816,16.699812,24.891861,53.88466,37.032224,58.923616,3.798943,18.14387,62.234571,3.589558,1.764794,32.093583,39.637164,51.709631,3.204551,4.723044,20.332721,102.196027,44.813131,21.795838,19.275221,35.296843,7.625653,7.644963,53.996277,16.597408
Jupiter,29.588674,15.949167,9.140055,2.342691,0,9.338634,13.240223,5.702793,9.857999,5.934626,0.221746,12.018845,30.506158,6.791953,8.841436,25.185983,5.637452,10.979633,10.583762,0.827601,25.655362,32.884351,1.605451,4.907217,18.60687,20.968728,27.091946,15.847507,19.042502,22.549171,51.541969,34.689533,56.580925,6.141634,15.80118,59.891881,5.932249,0.577896,29.750892,37.294473,49.36694,5.547242,2.380353,17.990031,99.853336,42.47044,19.453147,16.93253,32.954152,5.282963,9.987653,51.653587,14.254717
Ketu,38.927308,25.2878,18.478688,6.995943,9.338634,0,3.90159,3.635841,19.196633,15.27326,9.116888,2.680211,39.844792,2.546681,0.497198,34.524617,3.701182,1.640999,19.922396,8.511033,34.993996,42.222985,7.733183,4.431416,27.945504,30.307362,36.43058,6.508873,9.703869,31.887804,60.880603,44.028167,65.919559,3.197,25.139813,69.230514,3.406385,8.760737,39.089526,46.633107,58.705574,3.791392,11.718987,27.328664,109.19197,51.809074,28.791781,26.271164,42.292786,14.621596,0.64902,60.99222,23.593351
Mars,42.828897,29.18939,22.380278,10.897533,13.240223,3.90159,0,7.53743,23.098222,19.17485,13.018477,1.221378,43.746381,6.44827,4.398787,38.426207,7.602771,2.260591,23.823985,12.412622,38.895586,46.124574,11.634773,8.333006,31.847093,34.208952,40.332169,2.607283,5.802279,35.789394,64.782193,47.929756,69.821149,7.09859,29.041403,73.132104,7.307974,12.662327,42.991115,50.534696,62.607163,7.692981,15.620577,31.230254,113.093559,55.710663,32.693371,30.172754,46.194375,18.523186,3.25257,64.89381,27.49494
Mercury,35.291467,21.65196,14.842847,3.360102,5.702793,3.635841,7.53743,0,15.560792,11.637419,5.481047,6.316052,36.208951,1.08916,3.138643,30.888776,0.065341,5.27684,16.286555,4.875192,31.358155,38.587144,4.097342,0.795576,24.309663,26.671521,32.794739,10.144714,13.339709,28.251963,57.244762,40.392326,62.283718,0.438841,21.503973,65.594673,0.229456,5.124896,35.453685,42.997266,55.069733,0.155551,8.083146,23.692823,105.556129,48.173233,25.15594,22.635323,38.656945,10.985755,4.28486,57.35638,19.95751
Moon,19.730675,6.091168,0.717944,12.20069,9.857999,19.196633,23.098222,15.560792,0,3.923373,10.079745,21.876844,20.648159,16.649952,18.699435,15.327984,15.495451,20.837632,0.725763,10.6856,15.797363,23.026352,11.46345,14.765216,8.748871,11.110729,17.233947,25.705506,28.900501,12.691172,41.68397,24.831534,46.722926,15.999633,5.943181,50.033882,15.790248,10.435895,19.892893,27.436474,39.508941,15.405241,7.477646,8.132032,89.995337,32.612441,9.595148,7.074531,23.096153,4.575036,19.845652,41.795588,4.396718
Neptune,23.654047,10.01454,3.205428,8.277317,5.934626,15.27326,19.17485,11.637419,3.923373,0,6.156372,17.953471,24.571531,12.726579,14.776062,19.251357,11.572079,16.914259,4.649136,6.762227,19.720736,26.949725,7.540077,10.841844,12.672244,15.034102,21.15732,21.782133,24.977129,16.614544,45.607343,28.754907,50.646299,12.07626,9.866553,53.957254,11.866875,6.512523,23.816266,31.359847,43.432314,11.481868,3.554273,12.055404,93.91871,36.535814,13.518521,10.997904,27.019526,0.651664,15.92228,45.71896,8.320091
Pallas,29.81042,16.170913,9.3618,2.120945,0.221746,9.116888,13.018477,5.481047,10.079745,6.156372,0,11.797099,30.727904,6.570207,8.61969,25.407729,5.415706,10.757887,10.805508,0.605855,25.877108,33.106097,1.383705,4.685471,18.828616,21.190474,27.313692,15.625761,18.820756,22.770916,51.763715,34.911279,56.802671,5.919888,16.022926,60.113626,5.710503,0.356151,29.972638,37.516219,49.588686,5.325496,2.602099,18.211776,100.075082,42.692186,19.674893,17.154276,33.175898,5.504708,9.765907,51.875333,14.476463
Pluto,41.607519,27.968012,21.158899,9.676154,12.018845,2.680211,1.221378,6.316052,21.876844,17.953471,11.797099,0,42.525003,5.226892,3.177409,37.204828,6.381393,1.039212,22.602607,11.191244,37.674207,44.903196,10.413394,7.111628,30.625715,32.987573,39.110791,3.828662,7.023658,34.568015,63.560814,46.708378,68.59977,5.877211,27.820025,71.910725,6.086596,11.440948,41.769737,49.313318,61.385785,6.471603,14.399198,30.008875,111.872181,54.489285,31.471992,28.951375,44.972997,17.301807,2.031192,63.672431,26.273562
Rahu,0.917484,14.556991,21.366103,32.848849,30.506158,39.844792,43.746381,36.208951,20.648159,24.571531,30.727904,42.525003,0,37.298111,39.347594,5.320175,36.14361,41.485791,19.922396,31.333759,4.850795,2.378193,32.111608,35.413375,11.899288,9.537429,3.414212,46.353665,49.54866,7.956987,21.035811,4.183375,26.074767,36.647792,14.704978,29.385723,36.438407,31.084054,0.755266,6.788315,18.860782,36.0534,28.125805,12.516127,69.347178,11.964282,11.05301,13.573627,2.447994,25.223195,40.493811,21.147429,16.251441
Saturn,36.380627,22.74112,15.932007,4.449262,6.791953,2.546681,6.44827,1.08916,16.649952,12.726579,6.570207,5.226892,37.298111,0,2.049483,31.977936,1.154501,4.18768,17.375715,5.964352,32.447315,39.676304,5.186502,1.884736,25.398823,27.760681,33.883899,9.055554,12.250549,29.341123,58.333922,41.481486,63.372878,0.650319,22.593133,66.683833,0.859704,6.214057,36.542845,44.086426,56.158893,1.244711,9.172306,24.781984,106.645289,49.262393,26.2451,23.724483,39.746105,12.074915,3.1957,58.44554,21.04667
Sun,38.43011,24.790603,17.98149,6.498745,8.841436,0.497198,4.398787,3.138643,18.699435,14.776062,8.61969,3.177409,39.347594,2.049483,0,34.027419,3.203984,2.138197,19.425198,8.013835,34.496798,41.725787,7.235985,3.934219,27.448306,29.810164,35.933382,7.006071,10.201067,31.390606,60.383405,43.530969,65.422361,2.699802,24.642616,68.733316,2.909187,8.263539,38.592328,46.135909,58.208376,3.294194,11.221789,26.831466,108.694772,51.311876,28.294583,25.773966,41.795588,14.124398,1.146217,60.495022,23.096153
Uranus,4.402691,9.236817,16.045929,27.528674,25.185983,34.524617,38.426207,30.888776,15.327984,19.251357,25.407729,37.204828,5.320175,31.977936,34.027419,0,30.823435,36.165616,14.602221,26.013584,0.469379,7.698368,26.791434,30.093201,6.579113,4.217255,1.905963,41.03349,44.228486,2.636813,26.355986,9.50355,31.394942,31.327617,9.384804,34.705897,31.118232,25.76388,4.564909,12.10849,24.180957,30.733225,22.80563,7.195953,74.667353,17.284457,5.732836,8.253453,7.768169,19.903021,35.173637,26.467603,10.931266
Venus,35.226126,21.586619,14.777507,3.294761,5.637452,3.701182,7.602771,0.065341,15.495451,11.572079,5.415706,6.381393,36.14361,1.154501,3.203984,30.823435,0,5.342181,16.221214,4.809851,31.292814,38.521803,4.032002,0.730235,24.244322,26.606181,32.729398,10.210055,13.40505,28.186623,57.179421,40.326985,62.218377,0.504182,21.438632,65.529333,0.294797,5.059556,35.388344,42.931925,55.004392,0.09021,8.017805,23.627483,105.490788,48.107892,25.090599,22.569983,38.591604,10.920415,4.350201,57.291039,19.892169
Vesta,40.568307,26.928799,20.119687,8.636942,10.979633,1.640999,2.260591,5.27684,20.837632,16.914259,10.757887,1.039212,41.485791,4.18768,2.138197,36.165616,5.342181,0,21.563395,10.152032,36.634995,43.863984,9.374182,6.072415,29.586503,31.948361,38.071579,4.867874,8.06287,33.528803,62.521602,45.669166,67.560558,4.837999,26.780812,70.871513,5.047384,10.401736,40.730525,48.274106,60.346573,5.432391,13.359986,28.969663,110.832969,53.450073,30.43278,27.912163,43.933785,16.262595,0.991979,62.633219,25.23435
equator,19.004912,5.365405,1.443708,12.926453,10.583762,19.922396,23.823985,16.286555,0.725763,4.649136,10.805508,22.602607,19.922396,17.375715,19.425198,14.602221,16.221214,21.563395,0,11.411363,15.0716,22.300589,12.189213,15.490979,8.023108,10.384966,16.508184,26.431269,29.626264,11.965408,40.958207,24.105771,45.997163,16.725396,5.217418,49.308118,16.516011,11.161658,19.16713,26.710711,38.783178,16.131004,8.203409,7.406268,89.269574,31.886678,8.869385,6.348768,22.37039,5.3008,20.571415,41.069825,3.670955
Gonggong,30.416275,16.776768,9.967656,1.51509,0.827601,8.511033,12.412622,4.875192,10.6856,6.762227,0.605855,11.191244,31.333759,5.964352,8.013835,26.013584,4.809851,10.152032,11.411363,0,26.482963,33.711952,0.77785,4.079616,19.434471,21.796329,27.919547,15.019906,18.214901,23.376772,52.36957,35.517134,57.408526,5.314033,16.628781,60.719481,5.104648,0.249705,30.578493,38.122074,50.194541,4.719641,3.207954,18.817632,100.680937,43.298041,20.280748,17.760131,33.781753,6.110564,9.160052,52.481188,15.082318
Haumea,3.933311,9.706196,16.515308,27.998053,25.655362,34.993996,38.895586,31.358155,15.797363,19.720736,25.877108,37.674207,4.850795,32.447315,34.496798,0.469379,31.292814,36.634995,15.0716,26.482963,0,7.228989,27.260813,30.56258,7.048492,4.686634,1.436584,41.502869,44.697865,3.106192,25.886607,9.034171,30.925563,31.796996,9.854183,34.236518,31.587611,26.233259,4.09553,11.639111,23.711578,31.202604,23.275009,7.665332,74.197974,16.815078,6.202215,8.722832,7.29879,20.3724,35.643016,25.998224,11.400645
Makemake,3.295677,16.935184,23.744297,35.227042,32.884351,42.222985,46.124574,38.587144,23.026352,26.949725,33.106097,44.903196,2.378193,39.676304,41.725787,7.698368,38.521803,43.863984,22.300589,33.711952,7.228989,0,34.489802,37.791568,14.277481,11.915623,5.792405,48.731858,51.926853,10.335181,18.657618,1.805182,23.696574,39.025985,17.083171,27.007529,38.8166,33.462247,3.133459,4.410122,16.482589,38.431593,30.503998,14.894321,66.968985,9.586089,13.431204,15.951821,0.069801,27.601389,42.872004,18.769236,18.629634
Orcus,31.194124,17.554617,10.745505,0.73724,1.605451,7.733183,11.634773,4.097342,11.46345,7.540077,1.383705,10.413394,32.111608,5.186502,7.235985,26.791434,4.032002,9.374182,12.189213,0.77785,27.260813,34.489802,0,3.301767,20.212321,22.574179,28.697397,14.242056,17.437052,24.154621,53.14742,36.294984,58.186376,4.536183,17.40663,61.497331,4.326798,1.027554,31.356342,38.899924,50.972391,3.941791,3.985804,19.595481,101.458787,44.075891,21.058598,18.537981,34.559602,6.888413,8.382203,53.259037,15.860168
Quaoar,34.495891,20.856384,14.047272,2.564527,4.907217,4.431416,8.333006,0.795576,14.765216,10.841844,4.685471,7.111628,35.413375,1.884736,3.934219,30.093201,0.730235,6.072415,15.490979,4.079616,30.56258,37.791568,3.301767,0,23.514087,25.875946,31.999163,10.940289,14.135285,27.456388,56.449187,39.59675,61.488143,1.234416,20.708397,64.799098,1.025032,4.329321,34.658109,42.20169,54.274157,0.640025,7.287571,22.897248,104.760553,47.377657,24.360365,21.839748,37.861369,10.19018,5.080436,56.560804,19.161934
Sedna,10.981804,2.657703,9.466815,20.949561,18.60687,27.945504,31.847093,24.309663,8.748871,12.672244,18.828616,30.625715,11.899288,25.398823,27.448306,6.579113,24.244322,29.586503,8.023108,19.434471,7.048492,14.277481,20.212321,23.514087,0,2.361858,8.485076,34.454377,37.649372,3.942301,32.935099,16.082663,37.974055,24.748504,2.80569,41.285011,24.539119,19.184766,11.144022,18.687603,30.76007,24.154112,16.226517,0.616839,81.246466,23.86357,0.846277,1.67434,14.347282,13.323907,28.594523,33.046717,4.352153
Transpluto,8.619945,5.019562,11.828674,23.311419,20.968728,30.307362,34.208952,26.671521,11.110729,15.034102,21.190474,32.987573,9.537429,27.760681,29.810164,4.217255,26.606181,31.948361,10.384966,21.796329,4.686634,11.915623,22.574179,25.875946,2.361858,0,6.123218,36.816235,40.011231,1.580442,30.573241,13.720805,35.612197,27.110362,5.167549,38.923152,26.900977,21.546625,8.782163,16.325745,28.398212,26.51597,18.588375,2.978698,78.884608,21.501712,1.515581,4.036198,11.985423,15.685766,30.956382,30.684858,6.714011
Aldebaran,2.496728,11.142779,17.951892,29.434637,27.091946,36.43058,40.332169,32.794739,17.233947,21.15732,27.313692,39.110791,3.414212,33.883899,35.933382,1.905963,32.729398,38.071579,16.508184,27.919547,1.436584,5.792405,28.697397,31.999163,8.485076,6.123218,,,,,,,,,,,,,,,,,,,,,,,5.862206,21.808984,37.079599,24.561641,12.837229
Antares,45.43618,31.796673,24.987561,13.504816,15.847507,6.508873,2.607283,10.144714,25.705506,21.782133,15.625761,3.828662,46.353665,9.055554,7.006071,41.03349,10.210055,4.867874,26.431269,15.019906,41.502869,48.731858,14.242056,10.940289,34.454377,36.816235,,,,,,,,,,,,,,,,,,,,,,,48.801659,21.130469,5.859853,67.501093,30.102224
Fomalhaut,48.631176,34.991669,28.182557,16.699812,19.042502,9.703869,5.802279,13.339709,28.900501,24.977129,18.820756,7.023658,49.54866,12.250549,10.201067,44.228486,13.40505,8.06287,29.626264,18.214901,44.697865,51.926853,17.437052,14.135285,37.649372,40.011231,,,,,,,,,,,,,,,,,,,,,,,51.996654,24.325465,9.054849,70.696089,33.29722
Regulus,7.039503,6.600004,13.409116,24.891861,22.549171,31.887804,35.789394,28.251963,12.691172,16.614544,22.770916,34.568015,7.956987,29.341123,31.390606,2.636813,28.186623,33.528803,11.965408,23.376772,3.106192,10.335181,24.154621,27.456388,3.942301,1.580442,,,,,,,,,,,,,,,,,,,,,,,10.404981,17.266208,32.536824,29.104416,8.294453
Algol,21.953295,35.592803,42.401915,53.88466,51.541969,60.880603,64.782193,57.244762,41.68397,45.607343,51.763715,63.560814,21.035811,58.333922,60.383405,26.355986,57.179421,62.521602,40.958207,52.36957,25.886607,18.657618,53.14742,56.449187,32.935099,30.573241,,,,,,,,,,,,,,,,,,,,,,,18.587817,46.259007,61.529623,0.111617,37.287252
Pleiades,5.100859,18.740366,25.549479,37.032224,34.689533,44.028167,47.929756,40.392326,24.831534,28.754907,34.911279,46.708378,4.183375,41.481486,43.530969,9.50355,40.326985,45.669166,24.105771,35.517134,9.034171,1.805182,36.294984,39.59675,16.082663,13.720805,,,,,,,,,,,,,,,,,,,,,,,1.735381,29.406571,44.677186,16.964054,20.434816
Capella,26.992251,40.631759,47.440871,58.923616,56.580925,65.919559,69.821149,62.283718,46.722926,50.646299,56.802671,68.59977,26.074767,63.372878,65.422361,31.394942,62.218377,67.560558,45.997163,57.408526,30.925563,23.696574,58.186376,61.488143,37.974055,35.612197,,,,,,,,,,,,,,,,,,,,,,,23.626773,51.297963,66.568579,4.927339,42.326208
Sirius,35.730308,22.0908,15.281688,3.798943,6.141634,3.197,7.09859,0.438841,15.999633,12.07626,5.919888,5.877211,36.647792,0.650319,2.699802,31.327617,0.504182,4.837999,16.725396,5.314033,31.796996,39.025985,4.536183,1.234416,24.748504,27.110362,,,,,,,,,,,,,,,,,,,,,,,39.095786,11.424596,3.84602,57.79522,20.396351
Procyon,13.787494,0.147987,6.661125,18.14387,15.80118,25.139813,29.041403,21.503973,5.943181,9.866553,16.022926,27.820025,14.704978,22.593133,24.642616,9.384804,21.438632,26.780812,5.217418,16.628781,9.854183,17.083171,17.40663,20.708397,2.80569,5.167549,,,,,,,,,,,,,,,,,,,,,,,17.152972,10.518217,25.788833,35.852407,1.546463
Alkaid,30.303207,43.942714,50.751826,62.234571,59.891881,69.230514,73.132104,65.594673,50.033882,53.957254,60.113626,71.910725,29.385723,66.683833,68.733316,34.705897,65.529333,70.871513,49.308118,60.719481,34.236518,27.007529,61.497331,64.799098,41.285011,38.923152,,,,,,,,,,,,,,,,,,,,,,,26.937729,54.608918,69.879534,8.238294,45.637163
Algorab,35.520923,21.881416,15.072303,3.589558,5.932249,3.406385,7.307974,0.229456,15.790248,11.866875,5.710503,6.086596,36.438407,0.859704,2.909187,31.118232,0.294797,5.047384,16.516011,5.104648,31.587611,38.8166,4.326798,1.025032,24.539119,26.900977,,,,,,,,,,,,,,,,,,,,,,,38.886401,11.215211,4.055404,57.585836,20.186966
Spica,30.16657,16.527063,9.717951,1.764794,0.577896,8.760737,12.662327,5.124896,10.435895,6.512523,0.356151,11.440948,31.084054,6.214057,8.263539,25.76388,5.059556,10.401736,11.161658,0.249705,26.233259,33.462247,1.027554,4.329321,19.184766,21.546625,,,,,,,,,,,,,,,,,,,,,,,33.532048,5.860859,9.409757,52.231483,14.832614
Arcturus,0.162218,13.801725,20.610837,32.093583,29.750892,39.089526,42.991115,35.453685,19.892893,23.816266,29.972638,41.769737,0.755266,36.542845,38.592328,4.564909,35.388344,40.730525,19.16713,30.578493,4.09553,3.133459,31.356342,34.658109,11.144022,8.782163,,,,,,,,,,,,,,,,,,,,,,,3.20326,24.467929,39.738545,21.902695,15.496175
Alphecca,7.705799,21.345306,28.154419,39.637164,37.294473,46.633107,50.534696,42.997266,27.436474,31.359847,37.516219,49.313318,6.788315,44.086426,46.135909,12.10849,42.931925,48.274106,26.710711,38.122074,11.639111,4.410122,38.899924,42.20169,18.687603,16.325745,,,,,,,,,,,,,,,,,,,,,,,4.340321,32.011511,47.282126,14.359114,23.039756
Vega,19.778266,33.417773,40.226886,51.709631,49.36694,58.705574,62.607163,55.069733,39.508941,43.432314,49.588686,61.385785,18.860782,56.158893,58.208376,24.180957,55.004392,60.346573,38.783178,50.194541,23.711578,16.482589,50.972391,54.274157,30.76007,28.398212,,,,,,,,,,,,,,,,,,,,,,,16.412788,44.083978,59.354593,2.286646,35.112223
Deneb Algedi,35.135916,21.496409,14.687296,3.204551,5.547242,3.791392,7.692981,0.155551,15.405241,11.481868,5.325496,6.471603,36.0534,1.244711,3.294194,30.733225,0.09021,5.432391,16.131004,4.719641,31.202604,38.431593,3.941791,0.640025,24.154112,26.51597,,,,,,,,,,,,,,,,,,,,,,,38.501394,10.830204,4.440411,57.200829,19.801959
Rigel,27.20832,13.568813,6.759701,4.723044,2.380353,11.718987,15.620577,8.083146,7.477646,3.554273,2.602099,14.399198,28.125805,9.172306,11.221789,22.80563,8.017805,13.359986,8.203409,3.207954,23.275009,30.503998,3.985804,7.287571,16.226517,18.588375,,,,,,,,,,,,,,,,,,,,,,,30.573799,2.902609,12.368007,49.273233,11.874364
Betelgeuse,11.598643,2.040864,8.849976,20.332721,17.990031,27.328664,31.230254,23.692823,8.132032,12.055404,18.211776,30.008875,12.516127,24.781984,26.831466,7.195953,23.627483,28.969663,7.406268,18.817632,7.665332,14.894321,19.595481,22.897248,0.616839,2.978698,,,,,,,,,,,,,,,,,,,,,,,14.964121,12.707068,27.977684,33.663556,3.735313
Polaris,70.264662,83.904169,90.713281,102.196027,99.853336,109.19197,113.093559,105.556129,89.995337,93.91871,100.075082,111.872181,69.347178,106.645289,108.694772,74.667353,105.490788,110.832969,89.269574,100.680937,74.197974,66.968985,101.458787,104.760553,81.246466,78.884608,,,,,,,,,,,,,,,,,,,,,,,66.899184,94.570373,109.840989,48.199749,85.598619
Castor,12.881766,26.521273,33.330386,44.813131,42.47044,51.809074,55.710663,48.173233,32.612441,36.535814,42.692186,54.489285,11.964282,49.262393,51.311876,17.284457,48.107892,53.450073,31.886678,43.298041,16.815078,9.586089,44.075891,47.377657,23.86357,21.501712,,,,,,,,,,,,,,,,,,,,,,,9.516288,37.187478,52.458093,9.183146,28.215723
Altair,10.135526,3.503981,10.313093,21.795838,19.453147,28.791781,32.693371,25.15594,9.595148,13.518521,19.674893,31.471992,11.05301,26.2451,28.294583,5.732836,25.090599,30.43278,8.869385,20.280748,6.202215,13.431204,21.058598,24.360365,0.846277,1.515581,,,,,,,,,,,,,,,,,,,,,,,13.501005,14.170185,29.440801,32.200439,5.19843
Bellatrix,12.656143,0.983364,7.792476,19.275221,16.93253,26.271164,30.172754,22.635323,7.074531,10.997904,17.154276,28.951375,13.573627,23.724483,25.773966,8.253453,22.569983,27.912163,6.348768,17.760131,8.722832,15.951821,18.537981,21.839748,1.67434,4.036198,,,,,,,,,,,,,,,,,,,,,,,16.021622,11.649568,26.920184,34.721056,2.677813
Ascendant,3.365478,17.004985,23.814097,35.296843,32.954152,42.292786,46.194375,38.656945,23.096153,27.019526,33.175898,44.972997,2.447994,39.746105,41.795588,7.768169,38.591604,43.933785,22.37039,33.781753,7.29879,0.069801,34.559602,37.861369,14.347282,11.985423,5.862206,48.801659,51.996654,10.404981,18.587817,1.735381,23.626773,39.095786,17.152972,26.937729,38.886401,33.532048,3.20326,4.340321,16.412788,38.501394,30.573799,14.964121,66.899184,9.516288,13.501005,16.021622,0,27.671189,42.941805,18.699435,18.699435
Midheaven,24.305711,10.666204,3.857092,7.625653,5.282963,14.621596,18.523186,10.985755,4.575036,0.651664,5.504708,17.301807,25.223195,12.074915,14.124398,19.903021,10.920415,16.262595,5.3008,6.110564,20.3724,27.601389,6.888413,10.19018,13.323907,15.685766,21.808984,21.130469,24.325465,17.266208,46.259007,29.406571,51.297963,11.424596,10.518217,54.608918,11.215211,5.860859,24.467929,32.011511,44.083978,10.830204,2.902609,12.707068,94.570373,37.187478,14.170185,11.649568,27.671189,0,15.270616,46.370624,8.971755
Vertex,39.576327,25.93682,19.127708,7.644963,9.987653,0.64902,3.25257,4.28486,19.845652,15.92228,9.765907,2.031192,40.493811,3.1957,1.146217,35.173637,4.350201,0.991979,20.571415,9.160052,35.643016,42.872004,8.382203,5.080436,28.594523,30.956382,37.079599,5.859853,9.054849,32.536824,61.529623,44.677186,66.568579,3.84602,25.788833,69.879534,4.055404,9.409757,39.738545,47.282126,59.354593,4.440411,12.368007,27.977684,109.840989,52.458093,29.440801,26.920184,42.941805,15.270616,0,61.64124,24.24237
Part_of_Fortune,22.064913,35.70442,42.513532,53.996277,51.653587,60.99222,64.89381,57.35638,41.795588,45.71896,51.875333,63.672431,21.147429,58.44554,60.495022,26.467603,57.291039,62.633219,41.069825,52.481188,25.998224,18.769236,53.259037,56.560804,33.046717,30.684858,24.561641,67.501093,70.696089,29.104416,0.111617,16.964054,4.927339,57.79522,35.852407,8.238294,57.585836,52.231483,21.902695,14.359114,2.286646,57.200829,49.273233,33.663556,48.199749,9.183146,32.200439,34.721056,18.699435,46.370624,61.64124,0,37.39887
Part_of_Spirit,15.333957,1.69445,5.114663,16.597408,14.254717,23.593351,27.49494,19.95751,4.396718,8.320091,14.476463,26.273562,16.251441,21.04667,23.096153,10.931266,19.892169,25.23435,3.670955,15.082318,11.400645,18.629634,15.860168,19.161934,4.352153,6.714011,12.837229,30.102224,33.29722,8.294453,37.287252,20.434816,42.326208,20.396351,1.546463,45.637163,20.186966,14.832614,15.496175,23.039756,35.112223,19.801959,11.874364,3.735313,85.598619,28.215723,5.19843,2.677813,18.699435,8.971755,24.24237,37.39887,0
