charts_version,2.3,,,,,,,,,,
racing_common_version,1.1,,,,,,,,,,
engine_file,celestial_bodies_swisseph.py,,,,,,,,,,
engine_version,2.2,,,,,,,,,,
engine_fingerprint,64612c16fe,,,,,,,,,,
created_utc,2026-10-04 03:49:28,,,,,,,,,,
source_csv,race_batch_20261004_selangor_1410.csv,,,,,,,,,,
racecourse,selangor,,,,,,,,,,
race_local_time,2026-10-04 14:10,,,,,,,,,,
racecourse_lat_lon_elev,"3.0456, 101.7144, 35",,,,,,,,,,
,,,,,,,,,,,
tab,role,cloth,name,dob_csv,dob_used,dob_century_corrected,birth_country,birth_tz,natal_time,status,cache
P01,horse,1,1 GOOD FRIEND,10-Oct-21,2021-10-10,,australia,Australia/Sydney,12:00 standard time (no summer time); range 00:00-24:00 standard,OK,
P02,jockey,1,1 (no jockey row),,,,,,12:00 standard time (no summer time); range 00:00-24:00 standard,NO DATA: no jockey row in CSV,
P03,horse,2,2 SHOW ALL SIXTY-ONE,10-Nov-18,2018-11-10,,australia,Australia/Sydney,12:00 standard time (no summer time); range 00:00-24:00 standard,OK,
P04,jockey,2,2 (no jockey row),,,,,,12:00 standard time (no summer time); range 00:00-24:00 standard,NO DATA: no jockey row in CSV,
P05,horse,3,3 BANKER'S DIVIDEND,11-Nov-22,2022-11-11,,new zealand,Pacific/Auckland,12:00 standard time (no summer time); range 00:00-24:00 standard,OK,
P06,jockey,3,3 (no jockey row),,,,,,12:00 standard time (no summer time); range 00:00-24:00 standard,NO DATA: no jockey row in CSV,
P07,horse,4,4 LIM'S CRAFT,13-Sep-15,2015-09-13,,australia,Australia/Sydney,12:00 standard time (no summer time); range 00:00-24:00 standard,OK,
P08,jockey,4,4 (no jockey row),,,,,,12:00 standard time (no summer time); range 00:00-24:00 standard,NO DATA: no jockey row in CSV,
P09,horse,5,5 PLATINUM HARVEST,19-Sep-18,2018-09-19,,new zealand,Pacific/Auckland,12:00 standard time (no summer time); range 00:00-24:00 standard,OK,
P10,jockey,5,5 (no jockey row),,,,,,12:00 standard time (no summer time); range 00:00-24:00 standard,NO DATA: no jockey row in CSV,
P11,horse,6,6 FORTUNE WHEEL,21-Aug-18,2018-08-21,,australia,Australia/Sydney,12:00 standard time (no summer time); range 00:00-24:00 standard,OK,
P12,jockey,6,6 (no jockey row),,,,,,12:00 standard time (no summer time); range 00:00-24:00 standard,NO DATA: no jockey row in CSV,
P13,horse,7,7 PACIFIC EAGLE,10-Oct-22,2022-10-10,,new zealand,Pacific/Auckland,12:00 standard time (no summer time); range 00:00-24:00 standard,OK,
P14,jockey,7,7 (no jockey row),,,,,,12:00 standard time (no summer time); range 00:00-24:00 standard,NO DATA: no jockey row in CSV,
P15,horse,8,8 WINNING SYMPHONY,22-Sep-22,2022-09-22,,australia,Australia/Sydney,12:00 standard time (no summer time); range 00:00-24:00 standard,OK,
P16,jockey,8,8 (no jockey row),,,,,,12:00 standard time (no summer time); range 00:00-24:00 standard,NO DATA: no jockey row in CSV,
P17,horse,9,9 WINNING DONE,10-Mar-22,2022-03-10,,great britain,Europe/London,12:00 standard time (no summer time); range 00:00-24:00 standard,OK,
P18,jockey,9,9 (no jockey row),,,,,,12:00 standard time (no summer time); range 00:00-24:00 standard,NO DATA: no jockey row in CSV,
P19,horse,10,10 GOLDEN SENTIENCE,03-Sep-19,2019-09-03,,new zealand,Pacific/Auckland,12:00 standard time (no summer time); range 00:00-24:00 standard,OK,
P20,jockey,10,10 (no jockey row),,,,,,12:00 standard time (no summer time); range 00:00-24:00 standard,NO DATA: no jockey row in CSV,
P21,horse,11,11 TYPHOON,24-Oct-19,2019-10-24,,australia,Australia/Sydney,12:00 standard time (no summer time); range 00:00-24:00 standard,OK,
P22,jockey,11,11 (no jockey row),,,,,,12:00 standard time (no summer time); range 00:00-24:00 standard,NO DATA: no jockey row in CSV,
P23,horse,12,12 RED SUN,29-Sep-19,2019-09-29,,new zealand,Pacific/Auckland,12:00 standard time (no summer time); range 00:00-24:00 standard,OK,
P24,jockey,12,12 (no jockey row),,,,,,12:00 standard time (no summer time); range 00:00-24:00 standard,NO DATA: no jockey row in CSV,
P25,horse,13,13 FORTUNE MAGIC,12-Sep-21,2021-09-12,,new zealand,Pacific/Auckland,12:00 standard time (no summer time); range 00:00-24:00 standard,OK,
P26,jockey,13,13 (no jockey row),,,,,,12:00 standard time (no summer time); range 00:00-24:00 standard,NO DATA: no jockey row in CSV,
P27,horse,14,14 GOOD SORT,14-Sep-21,2021-09-14,,australia,Australia/Sydney,12:00 standard time (no summer time); range 00:00-24:00 standard,OK,
P28,jockey,14,14 (no jockey row),,,,,,12:00 standard time (no summer time); range 00:00-24:00 standard,NO DATA: no jockey row in CSV,
